Workbook

Sheet Instructions
A1: Brazilian Instagram Username Generator
A2: How to use:
A3: 1. Enter/edit first and last names in the Names sheet.
A4: 2. Add or change suffixes in the Suffixes sheet.
A5: 3. Generated automatically creates 1,000 candidates with shuffled format IDs.
A6: 4. Copy/paste values if you want to freeze a generated batch before recalculation.
A7: 5. Status can be changed to Available, Taken, or Pending.
A8: 6. The Duplicate? column flags repeated generated usernames.
A9: Note: Instagram availability is not verified by this workbook; use Instagram's own username field to confirm availability.

Sheet Names
A1: ID | B1: First Name | C1: Last Name | D1: Count
A2: 1 | B2: Caio | C2: Almeida | D2: 10
A3: 2 | B3: Lucas | C3: Santos | D3: 10
A4: 3 | B4: Enzo | C4: Oliveira | D4: 10
A5: 4 | B5: Kauan | C5: Costa | D5: 10
A6: 5 | B6: Vini | C6: Mendes | D6: 10
A7: 6 | B7: Pedro | C7: Rocha | D7: 10
A8: 7 | B8: Arthur | C8: Lima | D8: 10
A9: 8 | B9: Bruno | C9: Martins | D9: 10
A10: 9 | B10: Rafael | C10: Souza | D10: 10
A11: 10 | B11: Murilo | C11: Ferreira | D11: 10

Sheet Formats
A1: Format ID | B1: Format Name | C1: Pattern
A2: 1 | B2: First + Suffix | C2: {first}{suffix}
A3: 2 | B3: First + 2 Letters | C3: {first}{letters}
A4: 3 | B4: First + X + Suffix | C4: {first}x{suffix}
A5: 4 | B5: First + Double Letter | C5: {first}{double}
A6: 5 | B6: First + Rare Ending | C6: {first}{ending}
A7: 6 | B7: Short First + Suffix | C7: {shortfirst}{suffix}
A8: 7 | B8: First.Last | C8: {first}.{last}
A9: 8 | B9: First_Last | C9: {first}_{last}
A10: 9 | B10: First + Invented Ending | C10: {first}{invented}
A11: 10 | B11: First + Short Last | C11: {first}{shortlast}

Sheet Suffixes
A1: Suffix ID | B1: Suffix
A2: 1 | B2: zenn
A3: 2 | B3: vex
A4: 3 | B4: vyn
A5: 4 | B5: zaro
A6: 5 | B6: zyn
A7: 6 | B7: vexo
A8: 7 | B8: xyn
A9: 8 | B9: zov
A10: 9 | B10: rix
A11: 10 | B11: zen
A12: 11 | B12: varo
A13: 12 | B13: nex
... A31: 30 | B31: rizo

Sheet Generated
A1: ID | B1: First Name | C1: Last Name | D1: Format ID | E1: Random Seed | F1: Suffix | G1: Username | H1: Status | I1: Duplicate? | J1: Length | K1: Priority
A2: 1 | B2: =Names!B2 | C2: =Names!C2 | D2: =RANDBETWEEN(1,10) | E2: =RANDBETWEEN(1,30) | F2: =INDEX(Suffixes!$B$2:$B$31,E2) | G2: =LOWER(SUBSTITUTE(SUBSTITUTE(SUBSTITUTE(IF(D2=1,B2&F2,IF(D2=2,B2&LEFT(F2,2),IF(D2=3,B2&"x"&F2,IF(D2=4,B2&RIGHT(B2,1)&RIGHT(B2,1),IF(D2=5,B2&"vexo",IF(D2=6,LEFT(B2,MAX(3,LEN(B2)-2))&F2,IF(D2=7,B2&"."&C2,IF(D2=8,B2&"_"&C2,IF(D2=9,B2&"zaro",B2&LEFT(C2,4)))))))))," ",""),"á","a"),"ã","a")) | H2: Pending | I2: =IF(COUNTIF($G$2:$G$1001,G2)>1,"YES","NO") | J2: =LEN(G2) | K2: =IF(OR(D2=1,D2=5,D2=6,D2=9),3,IF(OR(D2=7,D2=8,D2=10),2,1))
A3: 2 | B3: =Names!B3 | C3: =Names!C3 | D3: =RANDBETWEEN(1,10) | E3: =RANDBETWEEN(1,30) | F3: =INDEX(Suffixes!$B$2:$B$31,E3) | G3: =LOWER(SUBSTITUTE(SUBSTITUTE(SUBSTITUTE(IF(D3=1,B3&F3,IF(D3=2,B3&LEFT(F3,2),IF(D3=3,B3&"x"&F3,IF(D3=4,B3&RIGHT(B3,1)&RIGHT(B3,1),IF(D3=5,B3&"vexo",IF(D3=6,LEFT(B3,MAX(3,LEN(B3)-2))&F3,IF(D3=7,B3&"."&C3,IF(D3=8,B3&"_"&C3,IF(D3=9,B3&"zaro",B3&LEFT(C3,4)))))))))," ",""),"á","a"),"ã","a")) | H3: Pending | I3: =IF(COUNTIF($G$2:$G$1001,G3)>1,"YES","NO") | J3: =LEN(G3) | K3: =IF(OR(D3=1,D3=5,D3=6,D3=9),3,IF(OR(D3=7,D3=8,D3=10),2,1))
A4: 3 | B4: =Names!B4 | C4: =Names!C4 | D4: =RANDBETWEEN(1,10) | E4: =RANDBETWEEN(1,30) | F4: =INDEX(Suffixes!$B$2:$B$31,E4) | G4: =LOWER(SUBSTITUTE(SUBSTITUTE(SUBSTITUTE(IF(D4=1,B4&F4,IF(D4=2,B4&LEFT(F4,2),IF(D4=3,B4&"x"&F4,IF(D4=4,B4&RIGHT(B4,1)&RIGHT(B4,1),IF(D4=5,B4&"vexo",IF(D4=6,LEFT(B4,MAX(3,LEN(B4)-2))&F4,IF(D4=7,B4&"."&C4,IF(D4=8,B4&"_"&C4,IF(D4=9,B4&"zaro",B4&LEFT(C4,4)))))))))," ",""),"á","a"),"ã","a")) | H4: Pending | I4: =IF(COUNTIF($G$2:$G$1001,G4)>1,"YES","NO") | J4: =LEN(G4) | K4: =IF(OR(D4=1,D4=5,D4=6,D4=9),3,IF(OR(D4=7,D4=8,D4=10),2,1))
A5: 4 | B5: =Names!B5 | C5: =Names!C5 | D5: =RANDBETWEEN(1,10) | E5: =RANDBETWEEN(1,30) | F5: =INDEX(Suffixes!$B$2:$B$31,E5) | G5: =LOWER(SUBSTITUTE(SUBSTITUTE(SUBSTITUTE(IF(D5=1,B5&F5,IF(D5=2,B5&LEFT(F5,2),IF(D5=3,B5&"x"&F5,IF(D5=4,B5&RIGHT(B5,1)&RIGHT(B5,1),IF(D5=5,B5&"vexo",IF(D5=6,LEFT(B5,MAX(3,LEN(B5)-2))&F5,IF(D5=7,B5&"."&C5,IF(D5=8,B5&"_"&C5,IF(D5=9,B5&"zaro",B5&LEFT(C5,4)))))))))," ",""),"á","a"),"ã","a")) | H5: Pending | I5: =IF(COUNTIF($G$2:$G$1001,G5)>1,"YES","NO") | J5: =LEN(G5) | K5: =IF(OR(D5=1,D5=5,D5=6,D5=9),3,IF(OR(D5=7,D5=8,D5=10),2,1))
A6: 5 | B6: =Names!B6 | C6: =Names!C6 | D6: =RANDBETWEEN(1,10) | E6: =RANDBETWEEN(1,30) | F6: =INDEX(Suffixes!$B$2:$B$31,E6) | G6: =LOWER(SUBSTITUTE(SUBSTITUTE(SUBSTITUTE(IF(D6=1,B6&F6,IF(D6=2,B6&LEFT(F6,2),IF(D6=3,B6&"x"&F6,IF(D6=4,B6&RIGHT(B6,1)&RIGHT(B6,1),IF(D6=5,B6&"vexo",IF(D6=6,LEFT(B6,MAX(3,LEN(B6)-2))&F6,IF(D6=7,B6&"."&C6,IF(D6=8,B6&"_"&C6,IF(D6=9,B6&"zaro",B6&LEFT(C6,4)))))))))," ",""),"á","a"),"ã","a")) | H6: Pending | I6: =IF(COUNTIF($G$2:$G$1001,G6)>1,"YES","NO") | J6: =LEN(G6) | K6: =IF(OR(D6=1,D6=5,D6=6,D6=9),3,IF(OR(D6=7,D6=8,D6=10),2,1))
A7: 6 | B7: =Names!B7 | C7: =Names!C7 | D7: =RANDBETWEEN(1,10) | E7: =RANDBETWEEN(1,30) | F7: =INDEX(Suffixes!$B$2:$B$31,E7) | G7: =LOWER(SUBSTITUTE(SUBSTITUTE(SUBSTITUTE(IF(D7=1,B7&F7,IF(D7=2,B7&LEFT(F7,2),IF(D7=3,B7&"x"&F7,IF(D7=4,B7&RIGHT(B7,1)&RIGHT(B7,1),IF(D7=5,B7&"vexo",IF(D7=6,LEFT(B7,MAX(3,LEN(B7)-2))&F7,IF(D7=7,B7&"."&C7,IF(D7=8,B7&"_"&C7,IF(D7=9,B7&"zaro",B7&LEFT(C7,4)))))))))," ",""),"á","a"),"ã","a")) | H7: Pending | I7: =IF(COUNTIF($G$2:$G$1001,G7)>1,"YES","NO") | J7: =LEN(G7) | K7: =IF(OR(D7=1,D7=5,D7=6,D7=9),3,IF(OR(D7=7,D7=8,D7=10),2,1))
A8: 7 | B8: =Names!B8 | C8: =Names!C8 | D8: =RANDBETWEEN(1,10) | E8: =RANDBETWEEN(1,30) | F8: =INDEX(Suffixes!$B$2:$B$31,E8) | G8: =LOWER(SUBSTITUTE(SUBSTITUTE(SUBSTITUTE(IF(D8=1,B8&F8,IF(D8=2,B8&LEFT(F8,2),IF(D8=3,B8&"x"&F8,IF(D8=4,B8&RIGHT(B8,1)&RIGHT(B8,1),IF(D8=5,B8&"vexo",IF(D8=6,LEFT(B8,MAX(3,LEN(B8)-2))&F8,IF(D8=7,B8&"."&C8,IF(D8=8,B8&"_"&C8,IF(D8=9,B8&"zaro",B8&LEFT(C8,4)))))))))," ",""),"á","a"),"ã","a")) | H8: Pending | I8: =IF(COUNTIF($G$2:$G$1001,G8)>1,"YES","NO") | J8: =LEN(G8) | K8: =IF(OR(D8=1,D8=5,D8=6,D8=9),3,IF(OR(D8=7,D8=8,D8=10),2,1))
A9: 8 | B9: =Names!B9 | C9: =Names!C9 | D9: =RANDBETWEEN(1,10) | E9: =RANDBETWEEN(1,30) | F9: =INDEX(Suffixes!$B$2:$B$31,E9) | G9: =LOWER(SUBSTITUTE(SUBSTITUTE(SUBSTITUTE(IF(D9=1,B9&F9,IF(D9=2,B9&LEFT(F9,2),IF(D9=3,B9&"x"&F9,IF(D9=4,B9&RIGHT(B9,1)&RIGHT(B9,1),IF(D9=5,B9&"vexo",IF(D9=6,LEFT(B9,MAX(3,LEN(B9)-2))&F9,IF(D9=7,B9&"."&C9,IF(D9=8,B9&"_"&C9,IF(D9=9,B9&"zaro",B9&LEFT(C9,4)))))))))," ",""),"á","a"),"ã","a")) | H9: Pending | I9: =IF(COUNTIF($G$2:$G$1001,G9)>1,"YES","NO") | J9: =LEN(G9) | K9: =IF(OR(D9=1,D9=5,D9=6,D9=9),3,IF(OR(D9=7,D9=8,D9=10),2,1))
A10: 9 | B10: =Names!B10 | C10: =Names!C10 | D10: =RANDBETWEEN(1,10) | E10: =RANDBETWEEN(1,30) | F10: =INDEX(Suffixes!$B$2:$B$31,E10) | G10: =LOWER(SUBSTITUTE(SUBSTITUTE(SUBSTITUTE(IF(D10=1,B10&F10,IF(D10=2,B10&LEFT(F10,2),IF(D10=3,B10&"x"&F10,IF(D10=4,B10&RIGHT(B10,1)&RIGHT(B10,1),IF(D10=5,B10&"vexo",IF(D10=6,LEFT(B10,MAX(3,LEN(B10)-2))&F10,IF(D10=7,B10&"."&C10,IF(D10=8,B10&"_"&C10,IF(D10=9,B10&"zaro",B10&LEFT(C10,4)))))))))," ",""),"á","a"),"ã","a")) | H10: Pending | I10: =IF(COUNTIF($G$2:$G$1001,G10)>1,"YES","NO") | J10: =LEN(G10) | K10: =IF(OR(D10=1,D10=5,D10=6,D10=9),3,IF(OR(D10=7,D10=8,D10=10),2,1))
A11: 10 | B11: =Names!B11 | C11: =Names!C11 | D11: =RANDBETWEEN(1,10) | E11: =RANDBETWEEN(1,30) | F11: =INDEX(Suffixes!$B$2:$B$31,E11) | G11: =LOWER(SUBSTITUTE(SUBSTITUTE(SUBSTITUTE(IF(D11=1,B11&F11,IF(D11=2,B11&LEFT(F11,2),IF(D11=3,B11&"x"&F11,IF(D11=4,B11&RIGHT(B11,1)&RIGHT(B11,1),IF(D11=5,B11&"vexo",IF(D11=6,LEFT(B11,MAX(3,LEN(B11)-2))&F11,IF(D11=7,B11&"."&C11,IF(D11=8,B11&"_"&C11,IF(D11=9,B11&"zaro",B11&LEFT(C11,4)))))))))," ",""),"á","a"),"ã","a")) | H11: Pending | I11: =IF(COUNTIF($G$2:$G$1001,G11)>1,"YES","NO") | J11: =LEN(G11) | K11: =IF(OR(D11=1,D11=5,D11=6,D11=9),3,IF(OR(D11=7,D11=8,D11=10),2,1))
A12: 11 | B12: =Names!B12 | C12: =Names!C12 | D12: =RANDBETWEEN(1,10) | E12: =RANDBETWEEN(1,30) | F12: =INDEX(Suffixes!$B$2:$B$31,E12) | G12: =LOWER(SUBSTITUTE(SUBSTITUTE(SUBSTITUTE(IF(D12=1,B12&F12,IF(D12=2,B12&LEFT(F12,2),IF(D12=3,B12&"x"&F12,IF(D12=4,B12&RIGHT(B12,1)&RIGHT(B12,1),IF(D12=5,B12&"vexo",IF(D12=6,LEFT(B12,MAX(3,LEN(B12)-2))&F12,IF(D12=7,B12&"."&C12,IF(D12=8,B12&"_"&C12,IF(D12=9,B12&"zaro",B12&LEFT(C12,4)))))))))," ",""),"á","a"),"ã","a")) | H12: Pending | I12: =IF(COUNTIF($G$2:$G$1001,G12)>1,"YES","NO") | J12: =LEN(G12) | K12: =IF(OR(D12=1,D12=5,D12=6,D12=9),3,IF(OR(D12=7,D12=8,D12=10),2,1))
A13: 12 | B13: =Names!B13 | C13: =Names!C13 | D13: =RANDBETWEEN(1,10) | E13: =RANDBETWEEN(1,30) | F13: =INDEX(Suffixes!$B$2:$B$31,E13) | G13: =LOWER(SUBSTITUTE(SUBSTITUTE(SUBSTITUTE(IF(D13=1,B13&F13,IF(D13=2,B13&LEFT(F13,2),IF(D13=3,B13&"x"&F13,IF(D13=4,B13&RIGHT(B13,1)&RIGHT(B13,1),IF(D13=5,B13&"vexo",IF(D13=6,LEFT(B13,MAX(3,LEN(B13)-2))&F13,IF(D13=7,B13&"."&C13,IF(D13=8,B13&"_"&C13,IF(D13=9,B13&"zaro",B13&LEFT(C13,4)))))))))," ",""),"á","a"),"ã","a")) | H13: Pending | I13: =IF(COUNTIF($G$2:$G$1001,G13)>1,"YES","NO") | J13: =LEN(G13) | K13: =IF(OR(D13=1,D13=5,D13=6,D13=9),3,IF(OR(D13=7,D13=8,D13=10),2,1))
... A101: 100 | B101: =Names!B101 | C101: =Names!C101 | D101: =RANDBETWEEN(1,10) | E101: =RANDBETWEEN(1,30) | F101: =INDEX(Suffixes!$B$2:$B$31,E101) | G101: =LOWER(SUBSTITUTE(SUBSTITUTE(SUBSTITUTE(IF(D101=1,B101&F101,IF(D101=2,B101&LEFT(F101,2),IF(D101=3,B101&"x"&F101,IF(D101=4,B101&RIGHT(B101,1)&RIGHT(B101,1),IF(D101=5,B101&"vexo",IF(D101=6,LEFT(B101,MAX(3,LEN(B101)-2))&F101,IF(D101=7,B101&"."&C101,IF(D101=8,B101&"_"&C101,IF(D101=9,B101&"zaro",B101&LEFT(C101,4)))))))))," ",""),"á","a"),"ã","a")) | H101: Pending | I101: =IF(COUNTIF($G$2:$G$1001,G101)>1,"YES","NO") | J101: =LEN(G101) | K101: =IF(OR(D101=1,D101=5,D101=6,D101=9),3,IF(OR(D101=7,D101=8,D101=10),2,1))
A102: 101 | B102: =Names!B2 | C102: =Names!C2 | D102: =RANDBETWEEN(1,10) | E102: =RANDBETWEEN(1,30) | F102: =INDEX(Suffixes!$B$2:$B$31,E102) | G102: =LOWER(SUBSTITUTE(SUBSTITUTE(SUBSTITUTE(IF(D102=1,B102&F102,IF(D102=2,B102&LEFT(F102,2),IF(D102=3,B102&"x"&F102,IF(D102=4,B102&RIGHT(B102,1)&RIGHT(B102,1),IF(D102=5,B102&"vexo",IF(D102=6,LEFT(B102,MAX(3,LEN(B102)-2))&F102,IF(D102=7,B102&"."&C102,IF(D102=8,B102&"_"&C102,IF(D102=9,B102&"zaro",B102&LEFT(C102,4)))))))))," ",""),"á","a"),"ã","a")) | H102: Pending | I102: =IF(COUNTIF($G$2:$G$1001,G102)>1,"YES","NO") | J102: =LEN(G102) | K102: =IF(OR(D102=1,D102=5,D102=6,D102=9),3,IF(OR(D102=7,D102=8,D102=10),2,1))
A103: 102 | B103: =Names!B3 | C103: =Names!C3 | D103: =RANDBETWEEN(1,10) | E103: =RANDBETWEEN(1,30) | F103: =INDEX(Suffixes!$B$2:$B$31,E103) | G103: =LOWER(SUBSTITUTE(SUBSTITUTE(SUBSTITUTE(IF(D103=1,B103&F103,IF(D103=2,B103&LEFT(F103,2),IF(D103=3,B103&"x"&F103,IF(D103=4,B103&RIGHT(B103,1)&RIGHT(B103,1),IF(D103=5,B103&"vexo",IF(D103=6,LEFT(B103,MAX(3,LEN(B103)-2))&F103,IF(D103=7,B103&"."&C103,IF(D103=8,B103&"_"&C103,IF(D103=9,B103&"zaro",B103&LEFT(C103,4)))))))))," ",""),"á","a"),"ã","a")) | H103: Pending | I103: =IF(COUNTIF($G$2:$G$1001,G103)>1,"YES","NO") | J103: =LEN(G103) | K103: =IF(OR(D103=1,D103=5,D103=6,D103=9),3,IF(OR(D103=7,D103=8,D103=10),2,1))
A104: 103 | B104: =Names!B4 | C104: =Names!C4 | D104: =RANDBETWEEN(1,10) | E104: =RANDBETWEEN(1,30) | F104: =INDEX(Suffixes!$B$2:$B$31,E104) | G104: =LOWER(SUBSTITUTE(SUBSTITUTE(SUBSTITUTE(IF(D104=1,B104&F104,IF(D104=2,B104&LEFT(F104,2),IF(D104=3,B104&"x"&F104,IF(D104=4,B104&RIGHT(B104,1)&RIGHT(B104,1),IF(D104=5,B104&"vexo",IF(D104=6,LEFT(B104,MAX(3,LEN(B104)-2))&F104,IF(D104=7,B104&"."&C104,IF(D104=8,B104&"_"&C104,IF(D104=9,B104&"zaro",B104&LEFT(C104,4)))))))))," ",""),"á","a"),"ã","a")) | H104: Pending | I104: =IF(COUNTIF($G$2:$G$1001,G104)>1,"YES","NO") | J104: =LEN(G104) | K104: =IF(OR(D104=1,D104=5,D104=6,D104=9),3,IF(OR(D104=7,D104=8,D104=10),2,1))
A105: 104 | B105: =Names!B5 | C105: =Names!C5 | D105: =RANDBETWEEN(1,10) | E105: =RANDBETWEEN(1,30) | F105: =INDEX(Suffixes!$B$2:$B$31,E105) | G105: =LOWER(SUBSTITUTE(SUBSTITUTE(SUBSTITUTE(IF(D105=1,B105&F105,IF(D105=2,B105&LEFT(F105,2),IF(D105=3,B105&"x"&F105,IF(D105=4,B105&RIGHT(B105,1)&RIGHT(B105,1),IF(D105=5,B105&"vexo",IF(D105=6,LEFT(B105,MAX(3,LEN(B105)-2))&F105,IF(D105=7,B105&"."&C105,IF(D105=8,B105&"_"&C105,IF(D105=9,B105&"zaro",B105&LEFT(C105,4)))))))))," ",""),"á","a"),"ã","a")) | H105: Pending | I105: =IF(COUNTIF($G$2:$G$1001,G105)>1,"YES","NO") | J105: =LEN(G105) | K105: =IF(OR(D105=1,D105=5,D105=6,D105=9),3,IF(OR(D105=7,D105=8,D105=10),2,1))
A106: 105 | B106: =Names!B6 | C106: =Names!C6 | D106: =RANDBETWEEN(1,10) | E106: =RANDBETWEEN(1,30) | F106: =INDEX(Suffixes!$B$2:$B$31,E106) | G106: =LOWER(SUBSTITUTE(SUBSTITUTE(SUBSTITUTE(IF(D106=1,B106&F106,IF(D106=2,B106&LEFT(F106,2),IF(D106=3,B106&"x"&F106,IF(D106=4,B106&RIGHT(B106,1)&RIGHT(B106,1),IF(D106=5,B106&"vexo",IF(D106=6,LEFT(B106,MAX(3,LEN(B106)-2))&F106,IF(D106=7,B106&"."&C106,IF(D106=8,B106&"_"&C106,IF(D106=9,B106&"zaro",B106&LEFT(C106,4)))))))))," ",""),"á","a"),"ã","a")) | H106: Pending | I106: =IF(COUNTIF($G$2:$G$1001,G106)>1,"YES","NO") | J106: =LEN(G106) | K106: =IF(OR(D106=1,D106=5,D106=6,D106=9),3,IF(OR(D106=7,D106=8,D106=10),2,1))
A107: 106 | B107: =Names!B7 | C107: =Names!C7 | D107: =RANDBETWEEN(1,10) | E107: =RANDBETWEEN(1,30) | F107: =INDEX(Suffixes!$B$2:$B$31,E107) | G107: =LOWER(SUBSTITUTE(SUBSTITUTE(SUBSTITUTE(IF(D107=1,B107&F107,IF(D107=2,B107&LEFT(F107,2),IF(D107=3,B107&"x"&F107,IF(D107=4,B107&RIGHT(B107,1)&RIGHT(B107,1),IF(D107=5,B107&"vexo",IF(D107=6,LEFT(B107,MAX(3,LEN(B107)-2))&F107,IF(D107=7,B107&"."&C107,IF(D107=8,B107&"_"&C107,IF(D107=9,B107&"zaro",B107&LEFT(C107,4)))))))))," ",""),"á","a"),"ã","a")) | H107: Pending | I107: =IF(COUNTIF($G$2:$G$1001,G107)>1,"YES","NO") | J107: =LEN(G107) | K107: =IF(OR(D107=1,D107=5,D107=6,D107=9),3,IF(OR(D107=7,D107=8,D107=10),2,1))
A108: 107 | B108: =Names!B8 | C108: =Names!C8 | D108: =RANDBETWEEN(1,10) | E108: =RANDBETWEEN(1,30) | F108: =INDEX(Suffixes!$B$2:$B$31,E108) | G108: =LOWER(SUBSTITUTE(SUBSTITUTE(SUBSTITUTE(IF(D108=1,B108&F108,IF(D108=2,B108&LEFT(F108,2),IF(D108=3,B108&"x"&F108,IF(D108=4,B108&RIGHT(B108,1)&RIGHT(B108,1),IF(D108=5,B108&"vexo",IF(D108=6,LEFT(B108,MAX(3,LEN(B108)-2))&F108,IF(D108=7,B108&"."&C108,IF(D108=8,B108&"_"&C108,IF(D108=9,B108&"zaro",B108&LEFT(C108,4)))))))))," ",""),"á","a"),"ã","a")) | H108: Pending | I108: =IF(COUNTIF($G$2:$G$1001,G108)>1,"YES","NO") | J108: =LEN(G108) | K108: =IF(OR(D108=1,D108=5,D108=6,D108=9),3,IF(OR(D108=7,D108=8,D108=10),2,1))
A109: 108 | B109: =Names!B9 | C109: =Names!C9 | D109: =RANDBETWEEN(1,10) | E109: =RANDBETWEEN(1,30) | F109: =INDEX(Suffixes!$B$2:$B$31,E109) | G109: =LOWER(SUBSTITUTE(SUBSTITUTE(SUBSTITUTE(IF(D109=1,B109&F109,IF(D109=2,B109&LEFT(F109,2),IF(D109=3,B109&"x"&F109,IF(D109=4,B109&RIGHT(B109,1)&RIGHT(B109,1),IF(D109=5,B109&"vexo",IF(D109=6,LEFT(B109,MAX(3,LEN(B109)-2))&F109,IF(D109=7,B109&"."&C109,IF(D109=8,B109&"_"&C109,IF(D109=9,B109&"zaro",B109&LEFT(C109,4)))))))))," ",""),"á","a"),"ã","a")) | H109: Pending | I109: =IF(COUNTIF($G$2:$G$1001,G109)>1,"YES","NO") | J109: =LEN(G109) | K109: =IF(OR(D109=1,D109=5,D109=6,D109=9),3,IF(OR(D109=7,D109=8,D109=10),2,1))
A110: 109 | B110: =Names!B10 | C110: =Names!C10 | D110: =RANDBETWEEN(1,10) | E110: =RANDBETWEEN(1,30) | F110: =INDEX(Suffixes!$B$2:$B$31,E110) | G110: =LOWER(SUBSTITUTE(SUBSTITUTE(SUBSTITUTE(IF(D110=1,B110&F110,IF(D110=2,B110&LEFT(F110,2),IF(D110=3,B110&"x"&F110,IF(D110=4,B110&RIGHT(B110,1)&RIGHT(B110,1),IF(D110=5,B110&"vexo",IF(D110=6,LEFT(B110,MAX(3,LEN(B110)-2))&F110,IF(D110=7,B110&"."&C110,IF(D110=8,B110&"_"&C110,IF(D110=9,B110&"zaro",B110&LEFT(C110,4)))))))))," ",""),"á","a"),"ã","a")) | H110: Pending | I110: =IF(COUNTIF($G$2:$G$1001,G110)>1,"YES","NO") | J110: =LEN(G110) | K110: =IF(OR(D110=1,D110=5,D110=6,D110=9),3,IF(OR(D110=7,D110=8,D110=10),2,1))
A111: 110 | B111: =Names!B11 | C111: =Names!C11 | D111: =RANDBETWEEN(1,10) | E111: =RANDBETWEEN(1,30) | F111: =INDEX(Suffixes!$B$2:$B$31,E111) | G111: =LOWER(SUBSTITUTE(SUBSTITUTE(SUBSTITUTE(IF(D111=1,B111&F111,IF(D111=2,B111&LEFT(F111,2),IF(D111=3,B111&"x"&F111,IF(D111=4,B111&RIGHT(B111,1)&RIGHT(B111,1),IF(D111=5,B111&"vexo",IF(D111=6,LEFT(B111,MAX(3,LEN(B111)-2))&F111,IF(D111=7,B111&"."&C111,IF(D111=8,B111&"_"&C111,IF(D111=9,B111&"zaro",B111&LEFT(C111,4)))))))))," ",""),"á","a"),"ã","a")) | H111: Pending | I111: =IF(COUNTIF($G$2:$G$1001,G111)>1,"YES","NO") | J111: =LEN(G111) | K111: =IF(OR(D111=1,D111=5,D111=6,D111=9),3,IF(OR(D111=7,D111=8,D111=10),2,1))
A112: 111 | B112: =Names!B12 | C112: =Names!C12 | D112: =RANDBETWEEN(1,10) | E112: =RANDBETWEEN(1,30) | F112: =INDEX(Suffixes!$B$2:$B$31,E112) | G112: =LOWER(SUBSTITUTE(SUBSTITUTE(SUBSTITUTE(IF(D112=1,B112&F112,IF(D112=2,B112&LEFT(F112,2),IF(D112=3,B112&"x"&F112,IF(D112=4,B112&RIGHT(B112,1)&RIGHT(B112,1),IF(D112=5,B112&"vexo",IF(D112=6,LEFT(B112,MAX(3,LEN(B112)-2))&F112,IF(D112=7,B112&"."&C112,IF(D112=8,B112&"_"&C112,IF(D112=9,B112&"zaro",B112&LEFT(C112,4)))))))))," ",""),"á","a"),"ã","a")) | H112: Pending | I112: =IF(COUNTIF($G$2:$G$1001,G112)>1,"YES","NO") | J112: =LEN(G112) | K112: =IF(OR(D112=1,D112=5,D112=6,D112=9),3,IF(OR(D112=7,D112=8,D112=10),2,1))
A113: 112 | B113: =Names!B13 | C113: =Names!C13 | D113: =RANDBETWEEN(1,10) | E113: =RANDBETWEEN(1,30) | F113: =INDEX(Suffixes!$B$2:$B$31,E113) | G113: =LOWER(SUBSTITUTE(SUBSTITUTE(SUBSTITUTE(IF(D113=1,B113&F113,IF(D113=2,B113&LEFT(F113,2),IF(D113=3,B113&"x"&F113,IF(D113=4,B113&RIGHT(B113,1)&RIGHT(B113,1),IF(D113=5,B113&"vexo",IF(D113=6,LEFT(B113,MAX(3,LEN(B113)-2))&F113,IF(D113=7,B113&"."&C113,IF(D113=8,B113&"_"&C113,IF(D113=9,B113&"zaro",B113&LEFT(C113,4)))))))))," ",""),"á","a"),"ã","a")) | H113: Pending | I113: =IF(COUNTIF($G$2:$G$1001,G113)>1,"YES","NO") | J113: =LEN(G113) | K113: =IF(OR(D113=1,D113=5,D113=6,D113=9),3,IF(OR(D113=7,D113=8,D113=10),2,1))
... A201: 200 | B201: =Names!B101 | C201: =Names!C101 | D201: =RANDBETWEEN(1,10) | E201: =RANDBETWEEN(1,30) | F201: =INDEX(Suffixes!$B$2:$B$31,E201) | G201: =LOWER(SUBSTITUTE(SUBSTITUTE(SUBSTITUTE(IF(D201=1,B201&F201,IF(D201=2,B201&LEFT(F201,2),IF(D201=3,B201&"x"&F201,IF(D201=4,B201&RIGHT(B201,1)&RIGHT(B201,1),IF(D201=5,B201&"vexo",IF(D201=6,LEFT(B201,MAX(3,LEN(B201)-2))&F201,IF(D201=7,B201&"."&C201,IF(D201=8,B201&"_"&C201,IF(D201=9,B201&"zaro",B201&LEFT(C201,4)))))))))," ",""),"á","a"),"ã","a")) | H201: Pending | I201: =IF(COUNTIF($G$2:$G$1001,G201)>1,"YES","NO") | J201: =LEN(G201) | K201: =IF(OR(D201=1,D201=5,D201=6,D201=9),3,IF(OR(D201=7,D201=8,D201=10),2,1))
A202: 201 | B202: =Names!B2 | C202: =Names!C2 | D202: =RANDBETWEEN(1,10) | E202: =RANDBETWEEN(1,30) | F202: =INDEX(Suffixes!$B$2:$B$31,E202) | G202: =LOWER(SUBSTITUTE(SUBSTITUTE(SUBSTITUTE(IF(D202=1,B202&F202,IF(D202=2,B202&LEFT(F202,2),IF(D202=3,B202&"x"&F202,IF(D202=4,B202&RIGHT(B202,1)&RIGHT(B202,1),IF(D202=5,B202&"vexo",IF(D202=6,LEFT(B202,MAX(3,LEN(B202)-2))&F202,IF(D202=7,B202&"."&C202,IF(D202=8,B202&"_"&C202,IF(D202=9,B202&"zaro",B202&LEFT(C202,4)))))))))," ",""),"á","a"),"ã","a")) | H202: Pending | I202: =IF(COUNTIF($G$2:$G$1001,G202)>1,"YES","NO") | J202: =LEN(G202) | K202: =IF(OR(D202=1,D202=5,D202=6,D202=9),3,IF(OR(D202=7,D202=8,D202=10),2,1))
A203: 202 | B203: =Names!B3 | C203: =Names!C3 | D203: =RANDBETWEEN(1,10) | E203: =RANDBETWEEN(1,30) | F203: =INDEX(Suffixes!$B$2:$B$31,E203) | G203: =LOWER(SUBSTITUTE(SUBSTITUTE(SUBSTITUTE(IF(D203=1,B203&F203,IF(D203=2,B203&LEFT(F203,2),IF(D203=3,B203&"x"&F203,IF(D203=4,B203&RIGHT(B203,1)&RIGHT(B203,1),IF(D203=5,B203&"vexo",IF(D203=6,LEFT(B203,MAX(3,LEN(B203)-2))&F203,IF(D203=7,B203&"."&C203,IF(D203=8,B203&"_"&C203,IF(D203=9,B203&"zaro",B203&LEFT(C203,4)))))))))," ",""),"á","a"),"ã","a")) | H203: Pending | I203: =IF(COUNTIF($G$2:$G$1001,G203)>1,"YES","NO") | J203: =LEN(G203) | K203: =IF(OR(D203=1,D203=5,D203=6,D203=9),3,IF(OR(D203=7,D203=8,D203=10),2,1))
A204: 203 | B204: =Names!B4 | C204: =Names!C4 | D204: =RANDBETWEEN(1,10) | E204: =RANDBETWEEN(1,30) | F204: =INDEX(Suffixes!$B$2:$B$31,E204) | G204: =LOWER(SUBSTITUTE(SUBSTITUTE(SUBSTITUTE(IF(D204=1,B204&F204,IF(D204=2,B204&LEFT(F204,2),IF(D204=3,B204&"x"&F204,IF(D204=4,B204&RIGHT(B204,1)&RIGHT(B204,1),IF(D204=5,B204&"vexo",IF(D204=6,LEFT(B204,MAX(3,LEN(B204)-2))&F204,IF(D204=7,B204&"."&C204,IF(D204=8,B204&"_"&C204,IF(D204=9,B204&"zaro",B204&LEFT(C204,4)))))))))," ",""),"á","a"),"ã","a")) | H204: Pending | I204: =IF(COUNTIF($G$2:$G$1001,G204)>1,"YES","NO") | J204: =LEN(G204) | K204: =IF(OR(D204=1,D204=5,D204=6,D204=9),3,IF(OR(D204=7,D204=8,D204=10),2,1))
A205: 204 | B205: =Names!B5 | C205: =Names!C5 | D205: =RANDBETWEEN(1,10) | E205: =RANDBETWEEN(1,30) | F205: =INDEX(Suffixes!$B$2:$B$31,E205) | G205: =LOWER(SUBSTITUTE(SUBSTITUTE(SUBSTITUTE(IF(D205=1,B205&F205,IF(D205=2,B205&LEFT(F205,2),IF(D205=3,B205&"x"&F205,IF(D205=4,B205&RIGHT(B205,1)&RIGHT(B205,1),IF(D205=5,B205&"vexo",IF(D205=6,LEFT(B205,MAX(3,LEN(B205)-2))&F205,IF(D205=7,B205&"."&C205,IF(D205=8,B205&"_"&C205,IF(D205=9,B205&"zaro",B205&LEFT(C205,4)))))))))," ",""),"á","a"),"ã","a")) | H205: Pending | I205: =IF(COUNTIF($G$2:$G$1001,G205)>1,"YES","NO") | J205: =LEN(G205) | K205: =IF(OR(D205=1,D205=5,D205=6,D205=9),3,IF(OR(D205=7,D205=8,D205=10),2,1))
A206: 205 | B206: =Names!B6 | C206: =Names!C6 | D206: =RANDBETWEEN(1,10) | E206: =RANDBETWEEN(1,30) | F206: =INDEX(Suffixes!$B$2:$B$31,E206) | G206: =LOWER(SUBSTITUTE(SUBSTITUTE(SUBSTITUTE(IF(D206=1,B206&F206,IF(D206=2,B206&LEFT(F206,2),IF(D206=3,B206&"x"&F206,IF(D206=4,B206&RIGHT(B206,1)&RIGHT(B206,1),IF(D206=5,B206&"vexo",IF(D206=6,LEFT(B206,MAX(3,LEN(B206)-2))&F206,IF(D206=7,B206&"."&C206,IF(D206=8,B206&"_"&C206,IF(D206=9,B206&"zaro",B206&LEFT(C206,4)))))))))," ",""),"á","a"),"ã","a")) | H206: Pending | I206: =IF(COUNTIF($G$2:$G$1001,G206)>1,"YES","NO") | J206: =LEN(G206) | K206: =IF(OR(D206=1,D206=5,D206=6,D206=9),3,IF(OR(D206=7,D206=8,D206=10),2,1))
A207: 206 | B207: =Names!B7 | C207: =Names!C7 | D207: =RANDBETWEEN(1,10) | E207: =RANDBETWEEN(1,30) | F207: =INDEX(Suffixes!$B$2:$B$31,E207) | G207: =LOWER(SUBSTITUTE(SUBSTITUTE(SUBSTITUTE(IF(D207=1,B207&F207,IF(D207=2,B207&LEFT(F207,2),IF(D207=3,B207&"x"&F207,IF(D207=4,B207&RIGHT(B207,1)&RIGHT(B207,1),IF(D207=5,B207&"vexo",IF(D207=6,LEFT(B207,MAX(3,LEN(B207)-2))&F207,IF(D207=7,B207&"."&C207,IF(D207=8,B207&"_"&C207,IF(D207=9,B207&"zaro",B207&LEFT(C207,4)))))))))," ",""),"á","a"),"ã","a")) | H207: Pending | I207: =IF(COUNTIF($G$2:$G$1001,G207)>1,"YES","NO") | J207: =LEN(G207) | K207: =IF(OR(D207=1,D207=5,D207=6,D207=9),3,IF(OR(D207=7,D207=8,D207=10),2,1))
A208: 207 | B208: =Names!B8 | C208: =Names!C8 | D208: =RANDBETWEEN(1,10) | E208: =RANDBETWEEN(1,30) | F208: =INDEX(Suffixes!$B$2:$B$31,E208) | G208: =LOWER(SUBSTITUTE(SUBSTITUTE(SUBSTITUTE(IF(D208=1,B208&F208,IF(D208=2,B208&LEFT(F208,2),IF(D208=3,B208&"x"&F208,IF(D208=4,B208&RIGHT(B208,1)&RIGHT(B208,1),IF(D208=5,B208&"vexo",IF(D208=6,LEFT(B208,MAX(3,LEN(B208)-2))&F208,IF(D208=7,B208&"."&C208,IF(D208=8,B208&"_"&C208,IF(D208=9,B208&"zaro",B208&LEFT(C208,4)))))))))," ",""),"á","a"),"ã","a")) | H208: Pending | I208: =IF(COUNTIF($G$2:$G$1001,G208)>1,"YES","NO") | J208: =LEN(G208) | K208: =IF(OR(D208=1,D208=5,D208=6,D208=9),3,IF(OR(D208=7,D208=8,D208=10),2,1))
A209: 208 | B209: =Names!B9 | C209: =Names!C9 | D209: =RANDBETWEEN(1,10) | E209: =RANDBETWEEN(1,30) | F209: =INDEX(Suffixes!$B$2:$B$31,E209) | G209: =LOWER(SUBSTITUTE(SUBSTITUTE(SUBSTITUTE(IF(D209=1,B209&F209,IF(D209=2,B209&LEFT(F209,2),IF(D209=3,B209&"x"&F209,IF(D209=4,B209&RIGHT(B209,1)&RIGHT(B209,1),IF(D209=5,B209&"vexo",IF(D209=6,LEFT(B209,MAX(3,LEN(B209)-2))&F209,IF(D209=7,B209&"."&C209,IF(D209=8,B209&"_"&C209,IF(D209=9,B209&"zaro",B209&LEFT(C209,4)))))))))," ",""),"á","a"),"ã","a")) | H209: Pending | I209: =IF(COUNTIF($G$2:$G$1001,G209)>1,"YES","NO") | J209: =LEN(G209) | K209: =IF(OR(D209=1,D209=5,D209=6,D209=9),3,IF(OR(D209=7,D209=8,D209=10),2,1))
A210: 209 | B210: =Names!B10 | C210: =Names!C10 | D210: =RANDBETWEEN(1,10) | E210: =RANDBETWEEN(1,30) | F210: =INDEX(Suffixes!$B$2:$B$31,E210) | G210: =LOWER(SUBSTITUTE(SUBSTITUTE(SUBSTITUTE(IF(D210=1,B210&F210,IF(D210=2,B210&LEFT(F210,2),IF(D210=3,B210&"x"&F210,IF(D210=4,B210&RIGHT(B210,1)&RIGHT(B210,1),IF(D210=5,B210&"vexo",IF(D210=6,LEFT(B210,MAX(3,LEN(B210)-2))&F210,IF(D210=7,B210&"."&C210,IF(D210=8,B210&"_"&C210,IF(D210=9,B210&"zaro",B210&LEFT(C210,4)))))))))," ",""),"á","a"),"ã","a")) | H210: Pending | I210: =IF(COUNTIF($G$2:$G$1001,G210)>1,"YES","NO") | J210: =LEN(G210) | K210: =IF(OR(D210=1,D210=5,D210=6,D210=9),3,IF(OR(D210=7,D210=8,D210=10),2,1))
A211: 210 | B211: =Names!B11 | C211: =Names!C11 | D211: =RANDBETWEEN(1,10) | E211: =RANDBETWEEN(1,30) | F211: =INDEX(Suffixes!$B$2:$B$31,E211) | G211: =LOWER(SUBSTITUTE(SUBSTITUTE(SUBSTITUTE(IF(D211=1,B211&F211,IF(D211=2,B211&LEFT(F211,2),IF(D211=3,B211&"x"&F211,IF(D211=4,B211&RIGHT(B211,1)&RIGHT(B211,1),IF(D211=5,B211&"vexo",IF(D211=6,LEFT(B211,MAX(3,LEN(B211)-2))&F211,IF(D211=7,B211&"."&C211,IF(D211=8,B211&"_"&C211,IF(D211=9,B211&"zaro",B211&LEFT(C211,4)))))))))," ",""),"á","a"),"ã","a")) | H211: Pending | I211: =IF(COUNTIF($G$2:$G$1001,G211)>1,"YES","NO") | J211: =LEN(G211) | K211: =IF(OR(D211=1,D211=5,D211=6,D211=9),3,IF(OR(D211=7,D211=8,D211=10),2,1))
A212: 211 | B212: =Names!B12 | C212: =Names!C12 | D212: =RANDBETWEEN(1,10) | E212: =RANDBETWEEN(1,30) | F212: =INDEX(Suffixes!$B$2:$B$31,E212) | G212: =LOWER(SUBSTITUTE(SUBSTITUTE(SUBSTITUTE(IF(D212=1,B212&F212,IF(D212=2,B212&LEFT(F212,2),IF(D212=3,B212&"x"&F212,IF(D212=4,B212&RIGHT(B212,1)&RIGHT(B212,1),IF(D212=5,B212&"vexo",IF(D212=6,LEFT(B212,MAX(3,LEN(B212)-2))&F212,IF(D212=7,B212&"."&C212,IF(D212=8,B212&"_"&C212,IF(D212=9,B212&"zaro",B212&LEFT(C212,4)))))))))," ",""),"á","a"),"ã","a")) | H212: Pending | I212: =IF(COUNTIF($G$2:$G$1001,G212)>1,"YES","NO") | J212: =LEN(G212) | K212: =IF(OR(D212=1,D212=5,D212=6,D212=9),3,IF(OR(D212=7,D212=8,D212=10),2,1))
A213: 212 | B213: =Names!B13 | C213: =Names!C13 | D213: =RANDBETWEEN(1,10) | E213: =RANDBETWEEN(1,30) | F213: =INDEX(Suffixes!$B$2:$B$31,E213) | G213: =LOWER(SUBSTITUTE(SUBSTITUTE(SUBSTITUTE(IF(D213=1,B213&F213,IF(D213=2,B213&LEFT(F213,2),IF(D213=3,B213&"x"&F213,IF(D213=4,B213&RIGHT(B213,1)&RIGHT(B213,1),IF(D213=5,B213&"vexo",IF(D213=6,LEFT(B213,MAX(3,LEN(B213)-2))&F213,IF(D213=7,B213&"."&C213,IF(D213=8,B213&"_"&C213,IF(D213=9,B213&"zaro",B213&LEFT(C213,4)))))))))," ",""),"á","a"),"ã","a")) | H213: Pending | I213: =IF(COUNTIF($G$2:$G$1001,G213)>1,"YES","NO") | J213: =LEN(G213) | K213: =IF(OR(D213=1,D213=5,D213=6,D213=9),3,IF(OR(D213=7,D213=8,D213=10),2,1))
... A301: 300 | B301: =Names!B101 | C301: =Names!C101 | D301: =RANDBETWEEN(1,10) | E301: =RANDBETWEEN(1,30) | F301: =INDEX(Suffixes!$B$2:$B$31,E301) | G301: =LOWER(SUBSTITUTE(SUBSTITUTE(SUBSTITUTE(IF(D301=1,B301&F301,IF(D301=2,B301&LEFT(F301,2),IF(D301=3,B301&"x"&F301,IF(D301=4,B301&RIGHT(B301,1)&RIGHT(B301,1),IF(D301=5,B301&"vexo",IF(D301=6,LEFT(B301,MAX(3,LEN(B301)-2))&F301,IF(D301=7,B301&"."&C301,IF(D301=8,B301&"_"&C301,IF(D301=9,B301&"zaro",B301&LEFT(C301,4)))))))))," ",""),"á","a"),"ã","a")) | H301: Pending | I301: =IF(COUNTIF($G$2:$G$1001,G301)>1,"YES","NO") | J301: =LEN(G301) | K301: =IF(OR(D301=1,D301=5,D301=6,D301=9),3,IF(OR(D301=7,D301=8,D301=10),2,1))
A302: 301 | B302: =Names!B2 | C302: =Names!C2 | D302: =RANDBETWEEN(1,10) | E302: =RANDBETWEEN(1,30) | F302: =INDEX(Suffixes!$B$2:$B$31,E302) | G302: =LOWER(SUBSTITUTE(SUBSTITUTE(SUBSTITUTE(IF(D302=1,B302&F302,IF(D302=2,B302&LEFT(F302,2),IF(D302=3,B302&"x"&F302,IF(D302=4,B302&RIGHT(B302,1)&RIGHT(B302,1),IF(D302=5,B302&"vexo",IF(D302=6,LEFT(B302,MAX(3,LEN(B302)-2))&F302,IF(D302=7,B302&"."&C302,IF(D302=8,B302&"_"&C302,IF(D302=9,B302&"zaro",B302&LEFT(C302,4)))))))))," ",""),"á","a"),"ã","a")) | H302: Pending | I302: =IF(COUNTIF($G$2:$G$1001,G302)>1,"YES","NO") | J302: =LEN(G302) | K302: =IF(OR(D302=1,D302=5,D302=6,D302=9),3,IF(OR(D302=7,D302=8,D302=10),2,1))
A303: 302 | B303: =Names!B3 | C303: =Names!C3 | D303: =RANDBETWEEN(1,10) | E303: =RANDBETWEEN(1,30) | F303: =INDEX(Suffixes!$B$2:$B$31,E303) | G303: =LOWER(SUBSTITUTE(SUBSTITUTE(SUBSTITUTE(IF(D303=1,B303&F303,IF(D303=2,B303&LEFT(F303,2),IF(D303=3,B303&"x"&F303,IF(D303=4,B303&RIGHT(B303,1)&RIGHT(B303,1),IF(D303=5,B303&"vexo",IF(D303=6,LEFT(B303,MAX(3,LEN(B303)-2))&F303,IF(D303=7,B303&"."&C303,IF(D303=8,B303&"_"&C303,IF(D303=9,B303&"zaro",B303&LEFT(C303,4)))))))))," ",""),"á","a"),"ã","a")) | H303: Pending | I303: =IF(COUNTIF($G$2:$G$1001,G303)>1,"YES","NO") | J303: =LEN(G303) | K303: =IF(OR(D303=1,D303=5,D303=6,D303=9),3,IF(OR(D303=7,D303=8,D303=10),2,1))
A304: 303 | B304: =Names!B4 | C304: =Names!C4 | D304: =RANDBETWEEN(1,10) | E304: =RANDBETWEEN(1,30) | F304: =INDEX(Suffixes!$B$2:$B$31,E304) | G304: =LOWER(SUBSTITUTE(SUBSTITUTE(SUBSTITUTE(IF(D304=1,B304&F304,IF(D304=2,B304&LEFT(F304,2),IF(D304=3,B304&"x"&F304,IF(D304=4,B304&RIGHT(B304,1)&RIGHT(B304,1),IF(D304=5,B304&"vexo",IF(D304=6,LEFT(B304,MAX(3,LEN(B304)-2))&F304,IF(D304=7,B304&"."&C304,IF(D304=8,B304&"_"&C304,IF(D304=9,B304&"zaro",B304&LEFT(C304,4)))))))))," ",""),"á","a"),"ã","a")) | H304: Pending | I304: =IF(COUNTIF($G$2:$G$1001,G304)>1,"YES","NO") | J304: =LEN(G304) | K304: =IF(OR(D304=1,D304=5,D304=6,D304=9),3,IF(OR(D304=7,D304=8,D304=10),2,1))
A305: 304 | B305: =Names!B5 | C305: =Names!C5 | D305: =RANDBETWEEN(1,10) | E305: =RANDBETWEEN(1,30) | F305: =INDEX(Suffixes!$B$2:$B$31,E305) | G305: =LOWER(SUBSTITUTE(SUBSTITUTE(SUBSTITUTE(IF(D305=1,B305&F305,IF(D305=2,B305&LEFT(F305,2),IF(D305=3,B305&"x"&F305,IF(D305=4,B305&RIGHT(B305,1)&RIGHT(B305,1),IF(D305=5,B305&"vexo",IF(D305=6,LEFT(B305,MAX(3,LEN(B305)-2))&F305,IF(D305=7,B305&"."&C305,IF(D305=8,B305&"_"&C305,IF(D305=9,B305&"zaro",B305&LEFT(C305,4)))))))))," ",""),"á","a"),"ã","a")) | H305: Pending | I305: =IF(COUNTIF($G$2:$G$1001,G305)>1,"YES","NO") | J305: =LEN(G305) | K305: =IF(OR(D305=1,D305=5,D305=6,D305=9),3,IF(OR(D305=7,D305=8,D305=10),2,1))
A306: 305 | B306: =Names!B6 | C306: =Names!C6 | D306: =RANDBETWEEN(1,10) | E306: =RANDBETWEEN(1,30) | F306: =INDEX(Suffixes!$B$2:$B$31,E306) | G306: =LOWER(SUBSTITUTE(SUBSTITUTE(SUBSTITUTE(IF(D306=1,B306&F306,IF(D306=2,B306&LEFT(F306,2),IF(D306=3,B306&"x"&F306,IF(D306=4,B306&RIGHT(B306,1)&RIGHT(B306,1),IF(D306=5,B306&"vexo",IF(D306=6,LEFT(B306,MAX(3,LEN(B306)-2))&F306,IF(D306=7,B306&"."&C306,IF(D306=8,B306&"_"&C306,IF(D306=9,B306&"zaro",B306&LEFT(C306,4)))))))))," ",""),"á","a"),"ã","a")) | H306: Pending | I306: =IF(COUNTIF($G$2:$G$1001,G306)>1,"YES","NO") | J306: =LEN(G306) | K306: =IF(OR(D306=1,D306=5,D306=6,D306=9),3,IF(OR(D306=7,D306=8,D306=10),2,1))
A307: 306 | B307: =Names!B7 | C307: =Names!C7 | D307: =RANDBETWEEN(1,10) | E307: =RANDBETWEEN(1,30) | F307: =INDEX(Suffixes!$B$2:$B$31,E307) | G307: =LOWER(SUBSTITUTE(SUBSTITUTE(SUBSTITUTE(IF(D307=1,B307&F307,IF(D307=2,B307&LEFT(F307,2),IF(D307=3,B307&"x"&F307,IF(D307=4,B307&RIGHT(B307,1)&RIGHT(B307,1),IF(D307=5,B307&"vexo",IF(D307=6,LEFT(B307,MAX(3,LEN(B307)-2))&F307,IF(D307=7,B307&"."&C307,IF(D307=8,B307&"_"&C307,IF(D307=9,B307&"zaro",B307&LEFT(C307,4)))))))))," ",""),"á","a"),"ã","a")) | H307: Pending | I307: =IF(COUNTIF($G$2:$G$1001,G307)>1,"YES","NO") | J307: =LEN(G307) | K307: =IF(OR(D307=1,D307=5,D307=6,D307=9),3,IF(OR(D307=7,D307=8,D307=10),2,1))
A308: 307 | B308: =Names!B8 | C308: =Names!C8 | D308: =RANDBETWEEN(1,10) | E308: =RANDBETWEEN(1,30) | F308: =INDEX(Suffixes!$B$2:$B$31,E308) | G308: =LOWER(SUBSTITUTE(SUBSTITUTE(SUBSTITUTE(IF(D308=1,B308&F308,IF(D308=2,B308&LEFT(F308,2),IF(D308=3,B308&"x"&F308,IF(D308=4,B308&RIGHT(B308,1)&RIGHT(B308,1),IF(D308=5,B308&"vexo",IF(D308=6,LEFT(B308,MAX(3,LEN(B308)-2))&F308,IF(D308=7,B308&"."&C308,IF(D308=8,B308&"_"&C308,IF(D308=9,B308&"zaro",B308&LEFT(C308,4)))))))))," ",""),"á","a"),"ã","a")) | H308: Pending | I308: =IF(COUNTIF($G$2:$G$1001,G308)>1,"YES","NO") | J308: =LEN(G308) | K308: =IF(OR(D308=1,D308=5,D308=6,D308=9),3,IF(OR(D308=7,D308=8,D308=10),2,1))
A309: 308 | B309: =Names!B9 | C309: =Names!C9 | D309: =RANDBETWEEN(1,10) | E309: =RANDBETWEEN(1,30) | F309: =INDEX(Suffixes!$B$2:$B$31,E309) | G309: =LOWER(SUBSTITUTE(SUBSTITUTE(SUBSTITUTE(IF(D309=1,B309&F309,IF(D309=2,B309&LEFT(F309,2),IF(D309=3,B309&"x"&F309,IF(D309=4,B309&RIGHT(B309,1)&RIGHT(B309,1),IF(D309=5,B309&"vexo",IF(D309=6,LEFT(B309,MAX(3,LEN(B309)-2))&F309,IF(D309=7,B309&"."&C309,IF(D309=8,B309&"_"&C309,IF(D309=9,B309&"zaro",B309&LEFT(C309,4)))))))))," ",""),"á","a"),"ã","a")) | H309: Pending | I309: =IF(COUNTIF($G$2:$G$1001,G309)>1,"YES","NO") | J309: =LEN(G309) | K309: =IF(OR(D309=1,D309=5,D309=6,D309=9),3,IF(OR(D309=7,D309=8,D309=10),2,1))
A310: 309 | B310: =Names!B10 | C310: =Names!C10 | D310: =RANDBETWEEN(1,10) | E310: =RANDBETWEEN(1,30) | F310: =INDEX(Suffixes!$B$2:$B$31,E310) | G310: =LOWER(SUBSTITUTE(SUBSTITUTE(SUBSTITUTE(IF(D310=1,B310&F310,IF(D310=2,B310&LEFT(F310,2),IF(D310=3,B310&"x"&F310,IF(D310=4,B310&RIGHT(B310,1)&RIGHT(B310,1),IF(D310=5,B310&"vexo",IF(D310=6,LEFT(B310,MAX(3,LEN(B310)-2))&F310,IF(D310=7,B310&"."&C310,IF(D310=8,B310&"_"&C310,IF(D310=9,B310&"zaro",B310&LEFT(C310,4)))))))))," ",""),"á","a"),"ã","a")) | H310: Pending | I310: =IF(COUNTIF($G$2:$G$1001,G310)>1,"YES","NO") | J310: =LEN(G310) | K310: =IF(OR(D310=1,D310=5,D310=6,D310=9),3,IF(OR(D310=7,D310=8,D310=10),2,1))
A311: 310 | B311: =Names!B11 | C311: =Names!C11 | D311: =RANDBETWEEN(1,10) | E311: =RANDBETWEEN(1,30) | F311: =INDEX(Suffixes!$B$2:$B$31,E311) | G311: =LOWER(SUBSTITUTE(SUBSTITUTE(SUBSTITUTE(IF(D311=1,B311&F311,IF(D311=2,B311&LEFT(F311,2),IF(D311=3,B311&"x"&F311,IF(D311=4,B311&RIGHT(B311,1)&RIGHT(B311,1),IF(D311=5,B311&"vexo",IF(D311=6,LEFT(B311,MAX(3,LEN(B311)-2))&F311,IF(D311=7,B311&"."&C311,IF(D311=8,B311&"_"&C311,IF(D311=9,B311&"zaro",B311&LEFT(C311,4)))))))))," ",""),"á","a"),"ã","a")) | H311: Pending | I311: =IF(COUNTIF($G$2:$G$1001,G311)>1,"YES","NO") | J311: =LEN(G311) | K311: =IF(OR(D311=1,D311=5,D311=6,D311=9),3,IF(OR(D311=7,D311=8,D311=10),2,1))
A312: 311 | B312: =Names!B12 | C312: =Names!C12 | D312: =RANDBETWEEN(1,10) | E312: =RANDBETWEEN(1,30) | F312: =INDEX(Suffixes!$B$2:$B$31,E312) | G312: =LOWER(SUBSTITUTE(SUBSTITUTE(SUBSTITUTE(IF(D312=1,B312&F312,IF(D312=2,B312&LEFT(F312,2),IF(D312=3,B312&"x"&F312,IF(D312=4,B312&RIGHT(B312,1)&RIGHT(B312,1),IF(D312=5,B312&"vexo",IF(D312=6,LEFT(B312,MAX(3,LEN(B312)-2))&F312,IF(D312=7,B312&"."&C312,IF(D312=8,B312&"_"&C312,IF(D312=9,B312&"zaro",B312&LEFT(C312,4)))))))))," ",""),"á","a"),"ã","a")) | H312: Pending | I312: =IF(COUNTIF($G$2:$G$1001,G312)>1,"YES","NO") | J312: =LEN(G312) | K312: =IF(OR(D312=1,D312=5,D312=6,D312=9),3,IF(OR(D312=7,D312=8,D312=10),2,1))
A313: 312 | B313: =Names!B13 | C313: =Names!C13 | D313: =RANDBETWEEN(1,10) | E313: =RANDBETWEEN(1,30) | F313: =INDEX(Suffixes!$B$2:$B$31,E313) | G313: =LOWER(SUBSTITUTE(SUBSTITUTE(SUBSTITUTE(IF(D313=1,B313&F313,IF(D313=2,B313&LEFT(F313,2),IF(D313=3,B313&"x"&F313,IF(D313=4,B313&RIGHT(B313,1)&RIGHT(B313,1),IF(D313=5,B313&"vexo",IF(D313=6,LEFT(B313,MAX(3,LEN(B313)-2))&F313,IF(D313=7,B313&"."&C313,IF(D313=8,B313&"_"&C313,IF(D313=9,B313&"zaro",B313&LEFT(C313,4)))))))))," ",""),"á","a"),"ã","a")) | H313: Pending | I313: =IF(COUNTIF($G$2:$G$1001,G313)>1,"YES","NO") | J313: =LEN(G313) | K313: =IF(OR(D313=1,D313=5,D313=6,D313=9),3,IF(OR(D313=7,D313=8,D313=10),2,1))
... A401: 400 | B401: =Names!B101 | C401: =Names!C101 | D401: =RANDBETWEEN(1,10) | E401: =RANDBETWEEN(1,30) | F401: =INDEX(Suffixes!$B$2:$B$31,E401) | G401: =LOWER(SUBSTITUTE(SUBSTITUTE(SUBSTITUTE(IF(D401=1,B401&F401,IF(D401=2,B401&LEFT(F401,2),IF(D401=3,B401&"x"&F401,IF(D401=4,B401&RIGHT(B401,1)&RIGHT(B401,1),IF(D401=5,B401&"vexo",IF(D401=6,LEFT(B401,MAX(3,LEN(B401)-2))&F401,IF(D401=7,B401&"."&C401,IF(D401=8,B401&"_"&C401,IF(D401=9,B401&"zaro",B401&LEFT(C401,4)))))))))," ",""),"á","a"),"ã","a")) | H401: Pending | I401: =IF(COUNTIF($G$2:$G$1001,G401)>1,"YES","NO") | J401: =LEN(G401) | K401: =IF(OR(D401=1,D401=5,D401=6,D401=9),3,IF(OR(D401=7,D401=8,D401=10),2,1))
A402: 401 | B402: =Names!B2 | C402: =Names!C2 | D402: =RANDBETWEEN(1,10) | E402: =RANDBETWEEN(1,30) | F402: =INDEX(Suffixes!$B$2:$B$31,E402) | G402: =LOWER(SUBSTITUTE(SUBSTITUTE(SUBSTITUTE(IF(D402=1,B402&F402,IF(D402=2,B402&LEFT(F402,2),IF(D402=3,B402&"x"&F402,IF(D402=4,B402&RIGHT(B402,1)&RIGHT(B402,1),IF(D402=5,B402&"vexo",IF(D402=6,LEFT(B402,MAX(3,LEN(B402)-2))&F402,IF(D402=7,B402&"."&C402,IF(D402=8,B402&"_"&C402,IF(D402=9,B402&"zaro",B402&LEFT(C402,4)))))))))," ",""),"á","a"),"ã","a")) | H402: Pending | I402: =IF(COUNTIF($G$2:$G$1001,G402)>1,"YES","NO") | J402: =LEN(G402) | K402: =IF(OR(D402=1,D402=5,D402=6,D402=9),3,IF(OR(D402=7,D402=8,D402=10),2,1))
A403: 402 | B403: =Names!B3 | C403: =Names!C3 | D403: =RANDBETWEEN(1,10) | E403: =RANDBETWEEN(1,30) | F403: =INDEX(Suffixes!$B$2:$B$31,E403) | G403: =LOWER(SUBSTITUTE(SUBSTITUTE(SUBSTITUTE(IF(D403=1,B403&F403,IF(D403=2,B403&LEFT(F403,2),IF(D403=3,B403&"x"&F403,IF(D403=4,B403&RIGHT(B403,1)&RIGHT(B403,1),IF(D403=5,B403&"vexo",IF(D403=6,LEFT(B403,MAX(3,LEN(B403)-2))&F403,IF(D403=7,B403&"."&C403,IF(D403=8,B403&"_"&C403,IF(D403=9,B403&"zaro",B403&LEFT(C403,4)))))))))," ",""),"á","a"),"ã","a")) | H403: Pending | I403: =IF(COUNTIF($G$2:$G$1001,G403)>1,"YES","NO") | J403: =LEN(G403) | K403: =IF(OR(D403=1,D403=5,D403=6,D403=9),3,IF(OR(D403=7,D403=8,D403=10),2,1))
A404: 403 | B404: =Names!B4 | C404: =Names!C4 | D404: =RANDBETWEEN(1,10) | E404: =RANDBETWEEN(1,30) | F404: =INDEX(Suffixes!$B$2:$B$31,E404) | G404: =LOWER(SUBSTITUTE(SUBSTITUTE(SUBSTITUTE(IF(D404=1,B404&F404,IF(D404=2,B404&LEFT(F404,2),IF(D404=3,B404&"x"&F404,IF(D404=4,B404&RIGHT(B404,1)&RIGHT(B404,1),IF(D404=5,B404&"vexo",IF(D404=6,LEFT(B404,MAX(3,LEN(B404)-2))&F404,IF(D404=7,B404&"."&C404,IF(D404=8,B404&"_"&C404,IF(D404=9,B404&"zaro",B404&LEFT(C404,4)))))))))," ",""),"á","a"),"ã","a")) | H404: Pending | I404: =IF(COUNTIF($G$2:$G$1001,G404)>1,"YES","NO") | J404: =LEN(G404) | K404: =IF(OR(D404=1,D404=5,D404=6,D404=9),3,IF(OR(D404=7,D404=8,D404=10),2,1))
A405: 404 | B405: =Names!B5 | C405: =Names!C5 | D405: =RANDBETWEEN(1,10) | E405: =RANDBETWEEN(1,30) | F405: =INDEX(Suffixes!$B$2:$B$31,E405) | G405: =LOWER(SUBSTITUTE(SUBSTITUTE(SUBSTITUTE(IF(D405=1,B405&F405,IF(D405=2,B405&LEFT(F405,2),IF(D405=3,B405&"x"&F405,IF(D405=4,B405&RIGHT(B405,1)&RIGHT(B405,1),IF(D405=5,B405&"vexo",IF(D405=6,LEFT(B405,MAX(3,LEN(B405)-2))&F405,IF(D405=7,B405&"."&C405,IF(D405=8,B405&"_"&C405,IF(D405=9,B405&"zaro",B405&LEFT(C405,4)))))))))," ",""),"á","a"),"ã","a")) | H405: Pending | I405: =IF(COUNTIF($G$2:$G$1001,G405)>1,"YES","NO") | J405: =LEN(G405) | K405: =IF(OR(D405=1,D405=5,D405=6,D405=9),3,IF(OR(D405=7,D405=8,D405=10),2,1))
A406: 405 | B406: =Names!B6 | C406: =Names!C6 | D406: =RANDBETWEEN(1,10) | E406: =RANDBETWEEN(1,30) | F406: =INDEX(Suffixes!$B$2:$B$31,E406) | G406: =LOWER(SUBSTITUTE(SUBSTITUTE(SUBSTITUTE(IF(D406=1,B406&F406,IF(D406=2,B406&LEFT(F406,2),IF(D406=3,B406&"x"&F406,IF(D406=4,B406&RIGHT(B406,1)&RIGHT(B406,1),IF(D406=5,B406&"vexo",IF(D406=6,LEFT(B406,MAX(3,LEN(B406)-2))&F406,IF(D406=7,B406&"."&C406,IF(D406=8,B406&"_"&C406,IF(D406=9,B406&"zaro",B406&LEFT(C406,4)))))))))," ",""),"á","a"),"ã","a")) | H406: Pending | I406: =IF(COUNTIF($G$2:$G$1001,G406)>1,"YES","NO") | J406: =LEN(G406) | K406: =IF(OR(D406=1,D406=5,D406=6,D406=9),3,IF(OR(D406=7,D406=8,D406=10),2,1))
A407: 406 | B407: =Names!B7 | C407: =Names!C7 | D407: =RANDBETWEEN(1,10) | E407: =RANDBETWEEN(1,30) | F407: =INDEX(Suffixes!$B$2:$B$31,E407) | G407: =LOWER(SUBSTITUTE(SUBSTITUTE(SUBSTITUTE(IF(D407=1,B407&F407,IF(D407=2,B407&LEFT(F407,2),IF(D407=3,B407&"x"&F407,IF(D407=4,B407&RIGHT(B407,1)&RIGHT(B407,1),IF(D407=5,B407&"vexo",IF(D407=6,LEFT(B407,MAX(3,LEN(B407)-2))&F407,IF(D407=7,B407&"."&C407,IF(D407=8,B407&"_"&C407,IF(D407=9,B407&"zaro",B407&LEFT(C407,4)))))))))," ",""),"á","a"),"ã","a")) | H407: Pending | I407: =IF(COUNTIF($G$2:$G$1001,G407)>1,"YES","NO") | J407: =LEN(G407) | K407: =IF(OR(D407=1,D407=5,D407=6,D407=9),3,IF(OR(D407=7,D407=8,D407=10),2,1))
A408: 407 | B408: =Names!B8 | C408: =Names!C8 | D408: =RANDBETWEEN(1,10) | E408: =RANDBETWEEN(1,30) | F408: =INDEX(Suffixes!$B$2:$B$31,E408) | G408: =LOWER(SUBSTITUTE(SUBSTITUTE(SUBSTITUTE(IF(D408=1,B408&F408,IF(D408=2,B408&LEFT(F408,2),IF(D408=3,B408&"x"&F408,IF(D408=4,B408&RIGHT(B408,1)&RIGHT(B408,1),IF(D408=5,B408&"vexo",IF(D408=6,LEFT(B408,MAX(3,LEN(B408)-2))&F408,IF(D408=7,B408&"."&C408,IF(D408=8,B408&"_"&C408,IF(D408=9,B408&"zaro",B408&LEFT(C408,4)))))))))," ",""),"á","a"),"ã","a")) | H408: Pending | I408: =IF(COUNTIF($G$2:$G$1001,G408)>1,"YES","NO") | J408: =LEN(G408) | K408: =IF(OR(D408=1,D408=5,D408=6,D408=9),3,IF(OR(D408=7,D408=8,D408=10),2,1))
A409: 408 | B409: =Names!B9 | C409: =Names!C9 | D409: =RANDBETWEEN(1,10) | E409: =RANDBETWEEN(1,30) | F409: =INDEX(Suffixes!$B$2:$B$31,E409) | G409: =LOWER(SUBSTITUTE(SUBSTITUTE(SUBSTITUTE(IF(D409=1,B409&F409,IF(D409=2,B409&LEFT(F409,2),IF(D409=3,B409&"x"&F409,IF(D409=4,B409&RIGHT(B409,1)&RIGHT(B409,1),IF(D409=5,B409&"vexo",IF(D409=6,LEFT(B409,MAX(3,LEN(B409)-2))&F409,IF(D409=7,B409&"."&C409,IF(D409=8,B409&"_"&C409,IF(D409=9,B409&"zaro",B409&LEFT(C409,4)))))))))," ",""),"á","a"),"ã","a")) | H409: Pending | I409: =IF(COUNTIF($G$2:$G$1001,G409)>1,"YES","NO") | J409: =LEN(G409) | K409: =IF(OR(D409=1,D409=5,D409=6,D409=9),3,IF(OR(D409=7,D409=8,D409=10),2,1))
A410: 409 | B410: =Names!B10 | C410: =Names!C10 | D410: =RANDBETWEEN(1,10) | E410: =RANDBETWEEN(1,30) | F410: =INDEX(Suffixes!$B$2:$B$31,E410) | G410: =LOWER(SUBSTITUTE(SUBSTITUTE(SUBSTITUTE(IF(D410=1,B410&F410,IF(D410=2,B410&LEFT(F410,2),IF(D410=3,B410&"x"&F410,IF(D410=4,B410&RIGHT(B410,1)&RIGHT(B410,1),IF(D410=5,B410&"vexo",IF(D410=6,LEFT(B410,MAX(3,LEN(B410)-2))&F410,IF(D410=7,B410&"."&C410,IF(D410=8,B410&"_"&C410,IF(D410=9,B410&"zaro",B410&LEFT(C410,4)))))))))," ",""),"á","a"),"ã","a")) | H410: Pending | I410: =IF(COUNTIF($G$2:$G$1001,G410)>1,"YES","NO") | J410: =LEN(G410) | K410: =IF(OR(D410=1,D410=5,D410=6,D410=9),3,IF(OR(D410=7,D410=8,D410=10),2,1))
A411: 410 | B411: =Names!B11 | C411: =Names!C11 | D411: =RANDBETWEEN(1,10) | E411: =RANDBETWEEN(1,30) | F411: =INDEX(Suffixes!$B$2:$B$31,E411) | G411: =LOWER(SUBSTITUTE(SUBSTITUTE(SUBSTITUTE(IF(D411=1,B411&F411,IF(D411=2,B411&LEFT(F411,2),IF(D411=3,B411&"x"&F411,IF(D411=4,B411&RIGHT(B411,1)&RIGHT(B411,1),IF(D411=5,B411&"vexo",IF(D411=6,LEFT(B411,MAX(3,LEN(B411)-2))&F411,IF(D411=7,B411&"."&C411,IF(D411=8,B411&"_"&C411,IF(D411=9,B411&"zaro",B411&LEFT(C411,4)))))))))," ",""),"á","a"),"ã","a")) | H411: Pending | I411: =IF(COUNTIF($G$2:$G$1001,G411)>1,"YES","NO") | J411: =LEN(G411) | K411: =IF(OR(D411=1,D411=5,D411=6,D411=9),3,IF(OR(D411=7,D411=8,D411=10),2,1))
A412: 411 | B412: =Names!B12 | C412: =Names!C12 | D412: =RANDBETWEEN(1,10) | E412: =RANDBETWEEN(1,30) | F412: =INDEX(Suffixes!$B$2:$B$31,E412) | G412: =LOWER(SUBSTITUTE(SUBSTITUTE(SUBSTITUTE(IF(D412=1,B412&F412,IF(D412=2,B412&LEFT(F412,2),IF(D412=3,B412&"x"&F412,IF(D412=4,B412&RIGHT(B412,1)&RIGHT(B412,1),IF(D412=5,B412&"vexo",IF(D412=6,LEFT(B412,MAX(3,LEN(B412)-2))&F412,IF(D412=7,B412&"."&C412,IF(D412=8,B412&"_"&C412,IF(D412=9,B412&"zaro",B412&LEFT(C412,4)))))))))," ",""),"á","a"),"ã","a")) | H412: Pending | I412: =IF(COUNTIF($G$2:$G$1001,G412)>1,"YES","NO") | J412: =LEN(G412) | K412: =IF(OR(D412=1,D412=5,D412=6,D412=9),3,IF(OR(D412=7,D412=8,D412=10),2,1))
A413: 412 | B413: =Names!B13 | C413: =Names!C13 | D413: =RANDBETWEEN(1,10) | E413: =RANDBETWEEN(1,30) | F413: =INDEX(Suffixes!$B$2:$B$31,E413) | G413: =LOWER(SUBSTITUTE(SUBSTITUTE(SUBSTITUTE(IF(D413=1,B413&F413,IF(D413=2,B413&LEFT(F413,2),IF(D413=3,B413&"x"&F413,IF(D413=4,B413&RIGHT(B413,1)&RIGHT(B413,1),IF(D413=5,B413&"vexo",IF(D413=6,LEFT(B413,MAX(3,LEN(B413)-2))&F413,IF(D413=7,B413&"."&C413,IF(D413=8,B413&"_"&C413,IF(D413=9,B413&"zaro",B413&LEFT(C413,4)))))))))," ",""),"á","a"),"ã","a")) | H413: Pending | I413: =IF(COUNTIF($G$2:$G$1001,G413)>1,"YES","NO") | J413: =LEN(G413) | K413: =IF(OR(D413=1,D413=5,D413=6,D413=9),3,IF(OR(D413=7,D413=8,D413=10),2,1))
... A501: 500 | B501: =Names!B101 | C501: =Names!C101 | D501: =RANDBETWEEN(1,10) | E501: =RANDBETWEEN(1,30) | F501: =INDEX(Suffixes!$B$2:$B$31,E501) | G501: =LOWER(SUBSTITUTE(SUBSTITUTE(SUBSTITUTE(IF(D501=1,B501&F501,IF(D501=2,B501&LEFT(F501,2),IF(D501=3,B501&"x"&F501,IF(D501=4,B501&RIGHT(B501,1)&RIGHT(B501,1),IF(D501=5,B501&"vexo",IF(D501=6,LEFT(B501,MAX(3,LEN(B501)-2))&F501,IF(D501=7,B501&"."&C501,IF(D501=8,B501&"_"&C501,IF(D501=9,B501&"zaro",B501&LEFT(C501,4)))))))))," ",""),"á","a"),"ã","a")) | H501: Pending | I501: =IF(COUNTIF($G$2:$G$1001,G501)>1,"YES","NO") | J501: =LEN(G501) | K501: =IF(OR(D501=1,D501=5,D501=6,D501=9),3,IF(OR(D501=7,D501=8,D501=10),2,1))
A502: 501 | B502: =Names!B2 | C502: =Names!C2 | D502: =RANDBETWEEN(1,10) | E502: =RANDBETWEEN(1,30) | F502: =INDEX(Suffixes!$B$2:$B$31,E502) | G502: =LOWER(SUBSTITUTE(SUBSTITUTE(SUBSTITUTE(IF(D502=1,B502&F502,IF(D502=2,B502&LEFT(F502,2),IF(D502=3,B502&"x"&F502,IF(D502=4,B502&RIGHT(B502,1)&RIGHT(B502,1),IF(D502=5,B502&"vexo",IF(D502=6,LEFT(B502,MAX(3,LEN(B502)-2))&F502,IF(D502=7,B502&"."&C502,IF(D502=8,B502&"_"&C502,IF(D502=9,B502&"zaro",B502&LEFT(C502,4)))))))))," ",""),"á","a"),"ã","a")) | H502: Pending | I502: =IF(COUNTIF($G$2:$G$1001,G502)>1,"YES","NO") | J502: =LEN(G502) | K502: =IF(OR(D502=1,D502=5,D502=6,D502=9),3,IF(OR(D502=7,D502=8,D502=10),2,1))
A503: 502 | B503: =Names!B3 | C503: =Names!C3 | D503: =RANDBETWEEN(1,10) | E503: =RANDBETWEEN(1,30) | F503: =INDEX(Suffixes!$B$2:$B$31,E503) | G503: =LOWER(SUBSTITUTE(SUBSTITUTE(SUBSTITUTE(IF(D503=1,B503&F503,IF(D503=2,B503&LEFT(F503,2),IF(D503=3,B503&"x"&F503,IF(D503=4,B503&RIGHT(B503,1)&RIGHT(B503,1),IF(D503=5,B503&"vexo",IF(D503=6,LEFT(B503,MAX(3,LEN(B503)-2))&F503,IF(D503=7,B503&"."&C503,IF(D503=8,B503&"_"&C503,IF(D503=9,B503&"zaro",B503&LEFT(C503,4)))))))))," ",""),"á","a"),"ã","a")) | H503: Pending | I503: =IF(COUNTIF($G$2:$G$1001,G503)>1,"YES","NO") | J503: =LEN(G503) | K503: =IF(OR(D503=1,D503=5,D503=6,D503=9),3,IF(OR(D503=7,D503=8,D503=10),2,1))
A504: 503 | B504: =Names!B4 | C504: =Names!C4 | D504: =RANDBETWEEN(1,10) | E504: =RANDBETWEEN(1,30) | F504: =INDEX(Suffixes!$B$2:$B$31,E504) | G504: =LOWER(SUBSTITUTE(SUBSTITUTE(SUBSTITUTE(IF(D504=1,B504&F504,IF(D504=2,B504&LEFT(F504,2),IF(D504=3,B504&"x"&F504,IF(D504=4,B504&RIGHT(B504,1)&RIGHT(B504,1),IF(D504=5,B504&"vexo",IF(D504=6,LEFT(B504,MAX(3,LEN(B504)-2))&F504,IF(D504=7,B504&"."&C504,IF(D504=8,B504&"_"&C504,IF(D504=9,B504&"zaro",B504&LEFT(C504,4)))))))))," ",""),"á","a"),"ã","a")) | H504: Pending | I504: =IF(COUNTIF($G$2:$G$1001,G504)>1,"YES","NO") | J504: =LEN(G504) | K504: =IF(OR(D504=1,D504=5,D504=6,D504=9),3,IF(OR(D504=7,D504=8,D504=10),2,1))
A505: 504 | B505: =Names!B5 | C505: =Names!C5 | D505: =RANDBETWEEN(1,10) | E505: =RANDBETWEEN(1,30) | F505: =INDEX(Suffixes!$B$2:$B$31,E505) | G505: =LOWER(SUBSTITUTE(SUBSTITUTE(SUBSTITUTE(IF(D505=1,B505&F505,IF(D505=2,B505&LEFT(F505,2),IF(D505=3,B505&"x"&F505,IF(D505=4,B505&RIGHT(B505,1)&RIGHT(B505,1),IF(D505=5,B505&"vexo",IF(D505=6,LEFT(B505,MAX(3,LEN(B505)-2))&F505,IF(D505=7,B505&"."&C505,IF(D505=8,B505&"_"&C505,IF(D505=9,B505&"zaro",B505&LEFT(C505,4)))))))))," ",""),"á","a"),"ã","a")) | H505: Pending | I505: =IF(COUNTIF($G$2:$G$1001,G505)>1,"YES","NO") | J505: =LEN(G505) | K505: =IF(OR(D505=1,D505=5,D505=6,D505=9),3,IF(OR(D505=7,D505=8,D505=10),2,1))
A506: 505 | B506: =Names!B6 | C506: =Names!C6 | D506: =RANDBETWEEN(1,10) | E506: =RANDBETWEEN(1,30) | F506: =INDEX(Suffixes!$B$2:$B$31,E506) | G506: =LOWER(SUBSTITUTE(SUBSTITUTE(SUBSTITUTE(IF(D506=1,B506&F506,IF(D506=2,B506&LEFT(F506,2),IF(D506=3,B506&"x"&F506,IF(D506=4,B506&RIGHT(B506,1)&RIGHT(B506,1),IF(D506=5,B506&"vexo",IF(D506=6,LEFT(B506,MAX(3,LEN(B506)-2))&F506,IF(D506=7,B506&"."&C506,IF(D506=8,B506&"_"&C506,IF(D506=9,B506&"zaro",B506&LEFT(C506,4)))))))))," ",""),"á","a"),"ã","a")) | H506: Pending | I506: =IF(COUNTIF($G$2:$G$1001,G506)>1,"YES","NO") | J506: =LEN(G506) | K506: =IF(OR(D506=1,D506=5,D506=6,D506=9),3,IF(OR(D506=7,D506=8,D506=10),2,1))
A507: 506 | B507: =Names!B7 | C507: =Names!C7 | D507: =RANDBETWEEN(1,10) | E507: =RANDBETWEEN(1,30) | F507: =INDEX(Suffixes!$B$2:$B$31,E507) | G507: =LOWER(SUBSTITUTE(SUBSTITUTE(SUBSTITUTE(IF(D507=1,B507&F507,IF(D507=2,B507&LEFT(F507,2),IF(D507=3,B507&"x"&F507,IF(D507=4,B507&RIGHT(B507,1)&RIGHT(B507,1),IF(D507=5,B507&"vexo",IF(D507=6,LEFT(B507,MAX(3,LEN(B507)-2))&F507,IF(D507=7,B507&"."&C507,IF(D507=8,B507&"_"&C507,IF(D507=9,B507&"zaro",B507&LEFT(C507,4)))))))))," ",""),"á","a"),"ã","a")) | H507: Pending | I507: =IF(COUNTIF($G$2:$G$1001,G507)>1,"YES","NO") | J507: =LEN(G507) | K507: =IF(OR(D507=1,D507=5,D507=6,D507=9),3,IF(OR(D507=7,D507=8,D507=10),2,1))
A508: 507 | B508: =Names!B8 | C508: =Names!C8 | D508: =RANDBETWEEN(1,10) | E508: =RANDBETWEEN(1,30) | F508: =INDEX(Suffixes!$B$2:$B$31,E508) | G508: =LOWER(SUBSTITUTE(SUBSTITUTE(SUBSTITUTE(IF(D508=1,B508&F508,IF(D508=2,B508&LEFT(F508,2),IF(D508=3,B508&"x"&F508,IF(D508=4,B508&RIGHT(B508,1)&RIGHT(B508,1),IF(D508=5,B508&"vexo",IF(D508=6,LEFT(B508,MAX(3,LEN(B508)-2))&F508,IF(D508=7,B508&"."&C508,IF(D508=8,B508&"_"&C508,IF(D508=9,B508&"zaro",B508&LEFT(C508,4)))))))))," ",""),"á","a"),"ã","a")) | H508: Pending | I508: =IF(COUNTIF($G$2:$G$1001,G508)>1,"YES","NO") | J508: =LEN(G508) | K508: =IF(OR(D508=1,D508=5,D508=6,D508=9),3,IF(OR(D508=7,D508=8,D508=10),2,1))
A509: 508 | B509: =Names!B9 | C509: =Names!C9 | D509: =RANDBETWEEN(1,10) | E509: =RANDBETWEEN(1,30) | F509: =INDEX(Suffixes!$B$2:$B$31,E509) | G509: =LOWER(SUBSTITUTE(SUBSTITUTE(SUBSTITUTE(IF(D509=1,B509&F509,IF(D509=2,B509&LEFT(F509,2),IF(D509=3,B509&"x"&F509,IF(D509=4,B509&RIGHT(B509,1)&RIGHT(B509,1),IF(D509=5,B509&"vexo",IF(D509=6,LEFT(B509,MAX(3,LEN(B509)-2))&F509,IF(D509=7,B509&"."&C509,IF(D509=8,B509&"_"&C509,IF(D509=9,B509&"zaro",B509&LEFT(C509,4)))))))))," ",""),"á","a"),"ã","a")) | H509: Pending | I509: =IF(COUNTIF($G$2:$G$1001,G509)>1,"YES","NO") | J509: =LEN(G509) | K509: =IF(OR(D509=1,D509=5,D509=6,D509=9),3,IF(OR(D509=7,D509=8,D509=10),2,1))
A510: 509 | B510: =Names!B10 | C510: =Names!C10 | D510: =RANDBETWEEN(1,10) | E510: =RANDBETWEEN(1,30) | F510: =INDEX(Suffixes!$B$2:$B$31,E510) | G510: =LOWER(SUBSTITUTE(SUBSTITUTE(SUBSTITUTE(IF(D510=1,B510&F510,IF(D510=2,B510&LEFT(F510,2),IF(D510=3,B510&"x"&F510,IF(D510=4,B510&RIGHT(B510,1)&RIGHT(B510,1),IF(D510=5,B510&"vexo",IF(D510=6,LEFT(B510,MAX(3,LEN(B510)-2))&F510,IF(D510=7,B510&"."&C510,IF(D510=8,B510&"_"&C510,IF(D510=9,B510&"zaro",B510&LEFT(C510,4)))))))))," ",""),"á","a"),"ã","a")) | H510: Pending | I510: =IF(COUNTIF($G$2:$G$1001,G510)>1,"YES","NO") | J510: =LEN(G510) | K510: =IF(OR(D510=1,D510=5,D510=6,D510=9),3,IF(OR(D510=7,D510=8,D510=10),2,1))
A511: 510 | B511: =Names!B11 | C511: =Names!C11 | D511: =RANDBETWEEN(1,10) | E511: =RANDBETWEEN(1,30) | F511: =INDEX(Suffixes!$B$2:$B$31,E511) | G511: =LOWER(SUBSTITUTE(SUBSTITUTE(SUBSTITUTE(IF(D511=1,B511&F511,IF(D511=2,B511&LEFT(F511,2),IF(D511=3,B511&"x"&F511,IF(D511=4,B511&RIGHT(B511,1)&RIGHT(B511,1),IF(D511=5,B511&"vexo",IF(D511=6,LEFT(B511,MAX(3,LEN(B511)-2))&F511,IF(D511=7,B511&"."&C511,IF(D511=8,B511&"_"&C511,IF(D511=9,B511&"zaro",B511&LEFT(C511,4)))))))))," ",""),"á","a"),"ã","a")) | H511: Pending | I511: =IF(COUNTIF($G$2:$G$1001,G511)>1,"YES","NO") | J511: =LEN(G511) | K511: =IF(OR(D511=1,D511=5,D511=6,D511=9),3,IF(OR(D511=7,D511=8,D511=10),2,1))
A512: 511 | B512: =Names!B12 | C512: =Names!C12 | D512: =RANDBETWEEN(1,10) | E512: =RANDBETWEEN(1,30) | F512: =INDEX(Suffixes!$B$2:$B$31,E512) | G512: =LOWER(SUBSTITUTE(SUBSTITUTE(SUBSTITUTE(IF(D512=1,B512&F512,IF(D512=2,B512&LEFT(F512,2),IF(D512=3,B512&"x"&F512,IF(D512=4,B512&RIGHT(B512,1)&RIGHT(B512,1),IF(D512=5,B512&"vexo",IF(D512=6,LEFT(B512,MAX(3,LEN(B512)-2))&F512,IF(D512=7,B512&"."&C512,IF(D512=8,B512&"_"&C512,IF(D512=9,B512&"zaro",B512&LEFT(C512,4)))))))))," ",""),"á","a"),"ã","a")) | H512: Pending | I512: =IF(COUNTIF($G$2:$G$1001,G512)>1,"YES","NO") | J512: =LEN(G512) | K512: =IF(OR(D512=1,D512=5,D512=6,D512=9),3,IF(OR(D512=7,D512=8,D512=10),2,1))
A513: 512 | B513: =Names!B13 | C513: =Names!C13 | D513: =RANDBETWEEN(1,10) | E513: =RANDBETWEEN(1,30) | F513: =INDEX(Suffixes!$B$2:$B$31,E513) | G513: =LOWER(SUBSTITUTE(SUBSTITUTE(SUBSTITUTE(IF(D513=1,B513&F513,IF(D513=2,B513&LEFT(F513,2),IF(D513=3,B513&"x"&F513,IF(D513=4,B513&RIGHT(B513,1)&RIGHT(B513,1),IF(D513=5,B513&"vexo",IF(D513=6,LEFT(B513,MAX(3,LEN(B513)-2))&F513,IF(D513=7,B513&"."&C513,IF(D513=8,B513&"_"&C513,IF(D513=9,B513&"zaro",B513&LEFT(C513,4)))))))))," ",""),"á","a"),"ã","a")) | H513: Pending | I513: =IF(COUNTIF($G$2:$G$1001,G513)>1,"YES","NO") | J513: =LEN(G513) | K513: =IF(OR(D513=1,D513=5,D513=6,D513=9),3,IF(OR(D513=7,D513=8,D513=10),2,1))
... A601: 600 | B601: =Names!B101 | C601: =Names!C101 | D601: =RANDBETWEEN(1,10) | E601: =RANDBETWEEN(1,30) | F601: =INDEX(Suffixes!$B$2:$B$31,E601) | G601: =LOWER(SUBSTITUTE(SUBSTITUTE(SUBSTITUTE(IF(D601=1,B601&F601,IF(D601=2,B601&LEFT(F601,2),IF(D601=3,B601&"x"&F601,IF(D601=4,B601&RIGHT(B601,1)&RIGHT(B601,1),IF(D601=5,B601&"vexo",IF(D601=6,LEFT(B601,MAX(3,LEN(B601)-2))&F601,IF(D601=7,B601&"."&C601,IF(D601=8,B601&"_"&C601,IF(D601=9,B601&"zaro",B601&LEFT(C601,4)))))))))," ",""),"á","a"),"ã","a")) | H601: Pending | I601: =IF(COUNTIF($G$2:$G$1001,G601)>1,"YES","NO") | J601: =LEN(G601) | K601: =IF(OR(D601=1,D601=5,D601=6,D601=9),3,IF(OR(D601=7,D601=8,D601=10),2,1))
A602: 601 | B602: =Names!B2 | C602: =Names!C2 | D602: =RANDBETWEEN(1,10) | E602: =RANDBETWEEN(1,30) | F602: =INDEX(Suffixes!$B$2:$B$31,E602) | G602: =LOWER(SUBSTITUTE(SUBSTITUTE(SUBSTITUTE(IF(D602=1,B602&F602,IF(D602=2,B602&LEFT(F602,2),IF(D602=3,B602&"x"&F602,IF(D602=4,B602&RIGHT(B602,1)&RIGHT(B602,1),IF(D602=5,B602&"vexo",IF(D602=6,LEFT(B602,MAX(3,LEN(B602)-2))&F602,IF(D602=7,B602&"."&C602,IF(D602=8,B602&"_"&C602,IF(D602=9,B602&"zaro",B602&LEFT(C602,4)))))))))," ",""),"á","a"),"ã","a")) | H602: Pending | I602: =IF(COUNTIF($G$2:$G$1001,G602)>1,"YES","NO") | J602: =LEN(G602) | K602: =IF(OR(D602=1,D602=5,D602=6,D602=9),3,IF(OR(D602=7,D602=8,D602=10),2,1))
A603: 602 | B603: =Names!B3 | C603: =Names!C3 | D603: =RANDBETWEEN(1,10) | E603: =RANDBETWEEN(1,30) | F603: =INDEX(Suffixes!$B$2:$B$31,E603) | G603: =LOWER(SUBSTITUTE(SUBSTITUTE(SUBSTITUTE(IF(D603=1,B603&F603,IF(D603=2,B603&LEFT(F603,2),IF(D603=3,B603&"x"&F603,IF(D603=4,B603&RIGHT(B603,1)&RIGHT(B603,1),IF(D603=5,B603&"vexo",IF(D603=6,LEFT(B603,MAX(3,LEN(B603)-2))&F603,IF(D603=7,B603&"."&C603,IF(D603=8,B603&"_"&C603,IF(D603=9,B603&"zaro",B603&LEFT(C603,4)))))))))," ",""),"á","a"),"ã","a")) | H603: Pending | I603: =IF(COUNTIF($G$2:$G$1001,G603)>1,"YES","NO") | J603: =LEN(G603) | K603: =IF(OR(D603=1,D603=5,D603=6,D603=9),3,IF(OR(D603=7,D603=8,D603=10),2,1))
A604: 603 | B604: =Names!B4 | C604: =Names!C4 | D604: =RANDBETWEEN(1,10) | E604: =RANDBETWEEN(1,30) | F604: =INDEX(Suffixes!$B$2:$B$31,E604) | G604: =LOWER(SUBSTITUTE(SUBSTITUTE(SUBSTITUTE(IF(D604=1,B604&F604,IF(D604=2,B604&LEFT(F604,2),IF(D604=3,B604&"x"&F604,IF(D604=4,B604&RIGHT(B604,1)&RIGHT(B604,1),IF(D604=5,B604&"vexo",IF(D604=6,LEFT(B604,MAX(3,LEN(B604)-2))&F604,IF(D604=7,B604&"."&C604,IF(D604=8,B604&"_"&C604,IF(D604=9,B604&"zaro",B604&LEFT(C604,4)))))))))," ",""),"á","a"),"ã","a")) | H604: Pending | I604: =IF(COUNTIF($G$2:$G$1001,G604)>1,"YES","NO") | J604: =LEN(G604) | K604: =IF(OR(D604=1,D604=5,D604=6,D604=9),3,IF(OR(D604=7,D604=8,D604=10),2,1))
A605: 604 | B605: =Names!B5 | C605: =Names!C5 | D605: =RANDBETWEEN(1,10) | E605: =RANDBETWEEN(1,30) | F605: =INDEX(Suffixes!$B$2:$B$31,E605) | G605: =LOWER(SUBSTITUTE(SUBSTITUTE(SUBSTITUTE(IF(D605=1,B605&F605,IF(D605=2,B605&LEFT(F605,2),IF(D605=3,B605&"x"&F605,IF(D605=4,B605&RIGHT(B605,1)&RIGHT(B605,1),IF(D605=5,B605&"vexo",IF(D605=6,LEFT(B605,MAX(3,LEN(B605)-2))&F605,IF(D605=7,B605&"."&C605,IF(D605=8,B605&"_"&C605,IF(D605=9,B605&"zaro",B605&LEFT(C605,4)))))))))," ",""),"á","a"),"ã","a")) | H605: Pending | I605: =IF(COUNTIF($G$2:$G$1001,G605)>1,"YES","NO") | J605: =LEN(G605) | K605: =IF(OR(D605=1,D605=5,D605=6,D605=9),3,IF(OR(D605=7,D605=8,D605=10),2,1))
A606: 605 | B606: =Names!B6 | C606: =Names!C6 | D606: =RANDBETWEEN(1,10) | E606: =RANDBETWEEN(1,30) | F606: =INDEX(Suffixes!$B$2:$B$31,E606) | G606: =LOWER(SUBSTITUTE(SUBSTITUTE(SUBSTITUTE(IF(D606=1,B606&F606,IF(D606=2,B606&LEFT(F606,2),IF(D606=3,B606&"x"&F606,IF(D606=4,B606&RIGHT(B606,1)&RIGHT(B606,1),IF(D606=5,B606&"vexo",IF(D606=6,LEFT(B606,MAX(3,LEN(B606)-2))&F606,IF(D606=7,B606&"."&C606,IF(D606=8,B606&"_"&C606,IF(D606=9,B606&"zaro",B606&LEFT(C606,4)))))))))," ",""),"á","a"),"ã","a")) | H606: Pending | I606: =IF(COUNTIF($G$2:$G$1001,G606)>1,"YES","NO") | J606: =LEN(G606) | K606: =IF(OR(D606=1,D606=5,D606=6,D606=9),3,IF(OR(D606=7,D606=8,D606=10),2,1))
A607: 606 | B607: =Names!B7 | C607: =Names!C7 | D607: =RANDBETWEEN(1,10) | E607: =RANDBETWEEN(1,30) | F607: =INDEX(Suffixes!$B$2:$B$31,E607) | G607: =LOWER(SUBSTITUTE(SUBSTITUTE(SUBSTITUTE(IF(D607=1,B607&F607,IF(D607=2,B607&LEFT(F607,2),IF(D607=3,B607&"x"&F607,IF(D607=4,B607&RIGHT(B607,1)&RIGHT(B607,1),IF(D607=5,B607&"vexo",IF(D607=6,LEFT(B607,MAX(3,LEN(B607)-2))&F607,IF(D607=7,B607&"."&C607,IF(D607=8,B607&"_"&C607,IF(D607=9,B607&"zaro",B607&LEFT(C607,4)))))))))," ",""),"á","a"),"ã","a")) | H607: Pending | I607: =IF(COUNTIF($G$2:$G$1001,G607)>1,"YES","NO") | J607: =LEN(G607) | K607: =IF(OR(D607=1,D607=5,D607=6,D607=9),3,IF(OR(D607=7,D607=8,D607=10),2,1))
A608: 607 | B608: =Names!B8 | C608: =Names!C8 | D608: =RANDBETWEEN(1,10) | E608: =RANDBETWEEN(1,30) | F608: =INDEX(Suffixes!$B$2:$B$31,E608) | G608: =LOWER(SUBSTITUTE(SUBSTITUTE(SUBSTITUTE(IF(D608=1,B608&F608,IF(D608=2,B608&LEFT(F608,2),IF(D608=3,B608&"x"&F608,IF(D608=4,B608&RIGHT(B608,1)&RIGHT(B608,1),IF(D608=5,B608&"vexo",IF(D608=6,LEFT(B608,MAX(3,LEN(B608)-2))&F608,IF(D608=7,B608&"."&C608,IF(D608=8,B608&"_"&C608,IF(D608=9,B608&"zaro",B608&LEFT(C608,4)))))))))," ",""),"á","a"),"ã","a")) | H608: Pending | I608: =IF(COUNTIF($G$2:$G$1001,G608)>1,"YES","NO") | J608: =LEN(G608) | K608: =IF(OR(D608=1,D608=5,D608=6,D608=9),3,IF(OR(D608=7,D608=8,D608=10),2,1))
A609: 608 | B609: =Names!B9 | C609: =Names!C9 | D609: =RANDBETWEEN(1,10) | E609: =RANDBETWEEN(1,30) | F609: =INDEX(Suffixes!$B$2:$B$31,E609) | G609: =LOWER(SUBSTITUTE(SUBSTITUTE(SUBSTITUTE(IF(D609=1,B609&F609,IF(D609=2,B609&LEFT(F609,2),IF(D609=3,B609&"x"&F609,IF(D609=4,B609&RIGHT(B609,1)&RIGHT(B609,1),IF(D609=5,B609&"vexo",IF(D609=6,LEFT(B609,MAX(3,LEN(B609)-2))&F609,IF(D609=7,B609&"."&C609,IF(D609=8,B609&"_"&C609,IF(D609=9,B609&"zaro",B609&LEFT(C609,4)))))))))," ",""),"á","a"),"ã","a")) | H609: Pending | I609: =IF(COUNTIF($G$2:$G$1001,G609)>1,"YES","NO") | J609: =LEN(G609) | K609: =IF(OR(D609=1,D609=5,D609=6,D609=9),3,IF(OR(D609=7,D609=8,D609=10),2,1))
A610: 609 | B610: =Names!B10 | C610: =Names!C10 | D610: =RANDBETWEEN(1,10) | E610: =RANDBETWEEN(1,30) | F610: =INDEX(Suffixes!$B$2:$B$31,E610) | G610: =LOWER(SUBSTITUTE(SUBSTITUTE(SUBSTITUTE(IF(D610=1,B610&F610,IF(D610=2,B610&LEFT(F610,2),IF(D610=3,B610&"x"&F610,IF(D610=4,B610&RIGHT(B610,1)&RIGHT(B610,1),IF(D610=5,B610&"vexo",IF(D610=6,LEFT(B610,MAX(3,LEN(B610)-2))&F610,IF(D610=7,B610&"."&C610,IF(D610=8,B610&"_"&C610,IF(D610=9,B610&"zaro",B610&LEFT(C610,4)))))))))," ",""),"á","a"),"ã","a")) | H610: Pending | I610: =IF(COUNTIF($G$2:$G$1001,G610)>1,"YES","NO") | J610: =LEN(G610) | K610: =IF(OR(D610=1,D610=5,D610=6,D610=9),3,IF(OR(D610=7,D610=8,D610=10),2,1))
A611: 610 | B611: =Names!B11 | C611: =Names!C11 | D611: =RANDBETWEEN(1,10) | E611: =RANDBETWEEN(1,30) | F611: =INDEX(Suffixes!$B$2:$B$31,E611) | G611: =LOWER(SUBSTITUTE(SUBSTITUTE(SUBSTITUTE(IF(D611=1,B611&F611,IF(D611=2,B611&LEFT(F611,2),IF(D611=3,B611&"x"&F611,IF(D611=4,B611&RIGHT(B611,1)&RIGHT(B611,1),IF(D611=5,B611&"vexo",IF(D611=6,LEFT(B611,MAX(3,LEN(B611)-2))&F611,IF(D611=7,B611&"."&C611,IF(D611=8,B611&"_"&C611,IF(D611=9,B611&"zaro",B611&LEFT(C611,4)))))))))," ",""),"á","a"),"ã","a")) | H611: Pending | I611: =IF(COUNTIF($G$2:$G$1001,G611)>1,"YES","NO") | J611: =LEN(G611) | K611: =IF(OR(D611=1,D611=5,D611=6,D611=9),3,IF(OR(D611=7,D611=8,D611=10),2,1))
A612: 611 | B612: =Names!B12 | C612: =Names!C12 | D612: =RANDBETWEEN(1,10) | E612: =RANDBETWEEN(1,30) | F612: =INDEX(Suffixes!$B$2:$B$31,E612) | G612: =LOWER(SUBSTITUTE(SUBSTITUTE(SUBSTITUTE(IF(D612=1,B612&F612,IF(D612=2,B612&LEFT(F612,2),IF(D612=3,B612&"x"&F612,IF(D612=4,B612&RIGHT(B612,1)&RIGHT(B612,1),IF(D612=5,B612&"vexo",IF(D612=6,LEFT(B612,MAX(3,LEN(B612)-2))&F612,IF(D612=7,B612&"."&C612,IF(D612=8,B612&"_"&C612,IF(D612=9,B612&"zaro",B612&LEFT(C612,4)))))))))," ",""),"á","a"),"ã","a")) | H612: Pending | I612: =IF(COUNTIF($G$2:$G$1001,G612)>1,"YES","NO") | J612: =LEN(G612) | K612: =IF(OR(D612=1,D612=5,D612=6,D612=9),3,IF(OR(D612=7,D612=8,D612=10),2,1))
A613: 612 | B613: =Names!B13 | C613: =Names!C13 | D613: =RANDBETWEEN(1,10) | E613: =RANDBETWEEN(1,30) | F613: =INDEX(Suffixes!$B$2:$B$31,E613) | G613: =LOWER(SUBSTITUTE(SUBSTITUTE(SUBSTITUTE(IF(D613=1,B613&F613,IF(D613=2,B613&LEFT(F613,2),IF(D613=3,B613&"x"&F613,IF(D613=4,B613&RIGHT(B613,1)&RIGHT(B613,1),IF(D613=5,B613&"vexo",IF(D613=6,LEFT(B613,MAX(3,LEN(B613)-2))&F613,IF(D613=7,B613&"."&C613,IF(D613=8,B613&"_"&C613,IF(D613=9,B613&"zaro",B613&LEFT(C613,4)))))))))," ",""),"á","a"),"ã","a")) | H613: Pending | I613: =IF(COUNTIF($G$2:$G$1001,G613)>1,"YES","NO") | J613: =LEN(G613) | K613: =IF(OR(D613=1,D613=5,D613=6,D613=9),3,IF(OR(D613=7,D613=8,D613=10),2,1))
... A701: 700 | B701: =Names!B101 | C701: =Names!C101 | D701: =RANDBETWEEN(1,10) | E701: =RANDBETWEEN(1,30) | F701: =INDEX(Suffixes!$B$2:$B$31,E701) | G701: =LOWER(SUBSTITUTE(SUBSTITUTE(SUBSTITUTE(IF(D701=1,B701&F701,IF(D701=2,B701&LEFT(F701,2),IF(D701=3,B701&"x"&F701,IF(D701=4,B701&RIGHT(B701,1)&RIGHT(B701,1),IF(D701=5,B701&"vexo",IF(D701=6,LEFT(B701,MAX(3,LEN(B701)-2))&F701,IF(D701=7,B701&"."&C701,IF(D701=8,B701&"_"&C701,IF(D701=9,B701&"zaro",B701&LEFT(C701,4)))))))))," ",""),"á","a"),"ã","a")) | H701: Pending | I701: =IF(COUNTIF($G$2:$G$1001,G701)>1,"YES","NO") | J701: =LEN(G701) | K701: =IF(OR(D701=1,D701=5,D701=6,D701=9),3,IF(OR(D701=7,D701=8,D701=10),2,1))
A702: 701 | B702: =Names!B2 | C702: =Names!C2 | D702: =RANDBETWEEN(1,10) | E702: =RANDBETWEEN(1,30) | F702: =INDEX(Suffixes!$B$2:$B$31,E702) | G702: =LOWER(SUBSTITUTE(SUBSTITUTE(SUBSTITUTE(IF(D702=1,B702&F702,IF(D702=2,B702&LEFT(F702,2),IF(D702=3,B702&"x"&F702,IF(D702=4,B702&RIGHT(B702,1)&RIGHT(B702,1),IF(D702=5,B702&"vexo",IF(D702=6,LEFT(B702,MAX(3,LEN(B702)-2))&F702,IF(D702=7,B702&"."&C702,IF(D702=8,B702&"_"&C702,IF(D702=9,B702&"zaro",B702&LEFT(C702,4)))))))))," ",""),"á","a"),"ã","a")) | H702: Pending | I702: =IF(COUNTIF($G$2:$G$1001,G702)>1,"YES","NO") | J702: =LEN(G702) | K702: =IF(OR(D702=1,D702=5,D702=6,D702=9),3,IF(OR(D702=7,D702=8,D702=10),2,1))
A703: 702 | B703: =Names!B3 | C703: =Names!C3 | D703: =RANDBETWEEN(1,10) | E703: =RANDBETWEEN(1,30) | F703: =INDEX(Suffixes!$B$2:$B$31,E703) | G703: =LOWER(SUBSTITUTE(SUBSTITUTE(SUBSTITUTE(IF(D703=1,B703&F703,IF(D703=2,B703&LEFT(F703,2),IF(D703=3,B703&"x"&F703,IF(D703=4,B703&RIGHT(B703,1)&RIGHT(B703,1),IF(D703=5,B703&"vexo",IF(D703=6,LEFT(B703,MAX(3,LEN(B703)-2))&F703,IF(D703=7,B703&"."&C703,IF(D703=8,B703&"_"&C703,IF(D703=9,B703&"zaro",B703&LEFT(C703,4)))))))))," ",""),"á","a"),"ã","a")) | H703: Pending | I703: =IF(COUNTIF($G$2:$G$1001,G703)>1,"YES","NO") | J703: =LEN(G703) | K703: =IF(OR(D703=1,D703=5,D703=6,D703=9),3,IF(OR(D703=7,D703=8,D703=10),2,1))
A704: 703 | B704: =Names!B4 | C704: =Names!C4 | D704: =RANDBETWEEN(1,10) | E704: =RANDBETWEEN(1,30) | F704: =INDEX(Suffixes!$B$2:$B$31,E704) | G704: =LOWER(SUBSTITUTE(SUBSTITUTE(SUBSTITUTE(IF(D704=1,B704&F704,IF(D704=2,B704&LEFT(F704,2),IF(D704=3,B704&"x"&F704,IF(D704=4,B704&RIGHT(B704,1)&RIGHT(B704,1),IF(D704=5,B704&"vexo",IF(D704=6,LEFT(B704,MAX(3,LEN(B704)-2))&F704,IF(D704=7,B704&"."&C704,IF(D704=8,B704&"_"&C704,IF(D704=9,B704&"zaro",B704&LEFT(C704,4)))))))))," ",""),"á","a"),"ã","a")) | H704: Pending | I704: =IF(COUNTIF($G$2:$G$1001,G704)>1,"YES","NO") | J704: =LEN(G704) | K704: =IF(OR(D704=1,D704=5,D704=6,D704=9),3,IF(OR(D704=7,D704=8,D704=10),2,1))
A705: 704 | B705: =Names!B5 | C705: =Names!C5 | D705: =RANDBETWEEN(1,10) | E705: =RANDBETWEEN(1,30) | F705: =INDEX(Suffixes!$B$2:$B$31,E705) | G705: =LOWER(SUBSTITUTE(SUBSTITUTE(SUBSTITUTE(IF(D705=1,B705&F705,IF(D705=2,B705&LEFT(F705,2),IF(D705=3,B705&"x"&F705,IF(D705=4,B705&RIGHT(B705,1)&RIGHT(B705,1),IF(D705=5,B705&"vexo",IF(D705=6,LEFT(B705,MAX(3,LEN(B705)-2))&F705,IF(D705=7,B705&"."&C705,IF(D705=8,B705&"_"&C705,IF(D705=9,B705&"zaro",B705&LEFT(C705,4)))))))))," ",""),"á","a"),"ã","a")) | H705: Pending | I705: =IF(COUNTIF($G$2:$G$1001,G705)>1,"YES","NO") | J705: =LEN(G705) | K705: =IF(OR(D705=1,D705=5,D705=6,D705=9),3,IF(OR(D705=7,D705=8,D705=10),2,1))
A706: 705 | B706: =Names!B6 | C706: =Names!C6 | D706: =RANDBETWEEN(1,10) | E706: =RANDBETWEEN(1,30) | F706: =INDEX(Suffixes!$B$2:$B$31,E706) | G706: =LOWER(SUBSTITUTE(SUBSTITUTE(SUBSTITUTE(IF(D706=1,B706&F706,IF(D706=2,B706&LEFT(F706,2),IF(D706=3,B706&"x"&F706,IF(D706=4,B706&RIGHT(B706,1)&RIGHT(B706,1),IF(D706=5,B706&"vexo",IF(D706=6,LEFT(B706,MAX(3,LEN(B706)-2))&F706,IF(D706=7,B706&"."&C706,IF(D706=8,B706&"_"&C706,IF(D706=9,B706&"zaro",B706&LEFT(C706,4)))))))))," ",""),"á","a"),"ã","a")) | H706: Pending | I706: =IF(COUNTIF($G$2:$G$1001,G706)>1,"YES","NO") | J706: =LEN(G706) | K706: =IF(OR(D706=1,D706=5,D706=6,D706=9),3,IF(OR(D706=7,D706=8,D706=10),2,1))
A707: 706 | B707: =Names!B7 | C707: =Names!C7 | D707: =RANDBETWEEN(1,10) | E707: =RANDBETWEEN(1,30) | F707: =INDEX(Suffixes!$B$2:$B$31,E707) | G707: =LOWER(SUBSTITUTE(SUBSTITUTE(SUBSTITUTE(IF(D707=1,B707&F707,IF(D707=2,B707&LEFT(F707,2),IF(D707=3,B707&"x"&F707,IF(D707=4,B707&RIGHT(B707,1)&RIGHT(B707,1),IF(D707=5,B707&"vexo",IF(D707=6,LEFT(B707,MAX(3,LEN(B707)-2))&F707,IF(D707=7,B707&"."&C707,IF(D707=8,B707&"_"&C707,IF(D707=9,B707&"zaro",B707&LEFT(C707,4)))))))))," ",""),"á","a"),"ã","a")) | H707: Pending | I707: =IF(COUNTIF($G$2:$G$1001,G707)>1,"YES","NO") | J707: =LEN(G707) | K707: =IF(OR(D707=1,D707=5,D707=6,D707=9),3,IF(OR(D707=7,D707=8,D707=10),2,1))
A708: 707 | B708: =Names!B8 | C708: =Names!C8 | D708: =RANDBETWEEN(1,10) | E708: =RANDBETWEEN(1,30) | F708: =INDEX(Suffixes!$B$2:$B$31,E708) | G708: =LOWER(SUBSTITUTE(SUBSTITUTE(SUBSTITUTE(IF(D708=1,B708&F708,IF(D708=2,B708&LEFT(F708,2),IF(D708=3,B708&"x"&F708,IF(D708=4,B708&RIGHT(B708,1)&RIGHT(B708,1),IF(D708=5,B708&"vexo",IF(D708=6,LEFT(B708,MAX(3,LEN(B708)-2))&F708,IF(D708=7,B708&"."&C708,IF(D708=8,B708&"_"&C708,IF(D708=9,B708&"zaro",B708&LEFT(C708,4)))))))))," ",""),"á","a"),"ã","a")) | H708: Pending | I708: =IF(COUNTIF($G$2:$G$1001,G708)>1,"YES","NO") | J708: =LEN(G708) | K708: =IF(OR(D708=1,D708=5,D708=6,D708=9),3,IF(OR(D708=7,D708=8,D708=10),2,1))
A709: 708 | B709: =Names!B9 | C709: =Names!C9 | D709: =RANDBETWEEN(1,10) | E709: =RANDBETWEEN(1,30) | F709: =INDEX(Suffixes!$B$2:$B$31,E709) | G709: =LOWER(SUBSTITUTE(SUBSTITUTE(SUBSTITUTE(IF(D709=1,B709&F709,IF(D709=2,B709&LEFT(F709,2),IF(D709=3,B709&"x"&F709,IF(D709=4,B709&RIGHT(B709,1)&RIGHT(B709,1),IF(D709=5,B709&"vexo",IF(D709=6,LEFT(B709,MAX(3,LEN(B709)-2))&F709,IF(D709=7,B709&"."&C709,IF(D709=8,B709&"_"&C709,IF(D709=9,B709&"zaro",B709&LEFT(C709,4)))))))))," ",""),"á","a"),"ã","a")) | H709: Pending | I709: =IF(COUNTIF($G$2:$G$1001,G709)>1,"YES","NO") | J709: =LEN(G709) | K709: =IF(OR(D709=1,D709=5,D709=6,D709=9),3,IF(OR(D709=7,D709=8,D709=10),2,1))
...
